,BRCA-US_SP8229,BRCA-US_SP8831,Breast-cancer::PD9595a,Breast-cancer::PD13630a,BRCA-US_SP8157,BRCA-UK_SP2152,Breast-cancer::PD18264a,Breast-cancer::PD4958a,Breast-cancer::PD24332a,Breast-cancer::PD11346a,Breast-cancer::PD14433a,Breast-cancer::PD11383a,BRCA-UK_SP2151,Breast-cancer::PD14472a,Breast-cancer::PD8652a2,Breast-cancer::PD13766a,BRCA-UK_SP116379,Breast-cancer::PD24225a,Breast-cancer::PD11740a,Breast-cancer::PD5951a,Breast-cancer::PD11381a,BRCA-EU_SP117834,BRCA-US_SP8085,Breast-cancer::PD13763a,Breast-cancer::PD24191a,Breast-cancer::PD6730b,Breast-cancer::PD13297a,Breast-cancer::PD11355a,Breast-cancer::PD11465a,Breast-cancer::PD13757a,BRCA-US_SP10084,Breast-cancer::PD13618a,Breast-cancer::PD24183a,BRCA-EU_SP116946,Breast-cancer::PD5938a,Breast-cancer::PD14441a,BRCA-UK_SP116343,Breast-cancer::PD11395a,BRCA-UK_SP2158,Breast-cancer::PD6404a,BRCA-US_SP10150,Breast-cancer::PD13764a,Breast-cancer::PD11358a,Breast-cancer::PD9065a,Breast-cancer::PD11399a,Breast-cancer::PD9576a,Breast-cancer::PD14473a,Breast-cancer::PD13631a,Breast-cancer::PD24318a,Breast-cancer::PD14439a,BRCA-US_SP6730,Breast-cancer::PD23570a,BRCA-US_SP9251,Breast-cancer::PD13620a,BRCA-US_SP8891,BRCA-US_SP10470,Breast-cancer::PD7202a,Breast-cancer::PD11372a,BRCA-EU_SP117378,Breast-cancer::PD7203a,Breast-cancer::PD11761a,BRCA-EU_SP116963,BRCA-US_SP4265,BRCA-US_SP9648,Breast-cancer::PD18754a,Breast-cancer::PD7344a,Breast-cancer::PD6416a,Breast-cancer::PD9544a,Breast-cancer::PD11374a,Breast-cancer::PD7238a,Breast-cancer::PD9579a,Breast-cancer::PD18734a,Breast-cancer::PD24199a,Breast-cancer::PD18048a,Breast-cancer::PD18257a,Breast-cancer::PD24207a,Breast-cancer::PD4264a,BRCA-US_SP10944,BRCA-EU_SP117312,BRCA-EU_SP124207,BRCA-US_SP2793,Breast-cancer::PD24201a,Breast-cancer::PD6466b,Breast-cancer::PD7304a,Breast-cancer::PD24322a,BRCA-US_SP4535,Breast-cancer::PD18049a,BRCA-EU_SP117078,Breast-cancer::PD9591a,Breast-cancer::PD22358a,BRCA-US_SP96163,Breast-cancer::PD18258a,BRCA-US_SP5820,BRCA-EU_SP117944,BRCA-EU_SP117538,BRCA-UK_SP2155,Breast-cancer::PD9702a,Breast-cancer::PD7248a,Breast-cancer::PD24302a,Breast-cancer::PD11388a,BRCA-EU_SP118012,BRCA-EU_SP118077,Breast-cancer::PD18050a,Breast-cancer::PD11754a,Breast-cancer::PD9842a,Breast-cancer::PD11756a,Breast-cancer::PD14450a,Breast-cancer::PD11348a,Breast-cancer::PD22362a,Breast-cancer::PD14432a,BRCA-US_SP7378,BRCA-EU_SP117676,Breast-cancer::PD7220a,Breast-cancer::PD6414a,Breast-cancer::PD18149a,Breast-cancer::PD23558a,Breast-cancer::PD8614a,BRCA-US_SP6813,BRCA-US_SP2731,BRCA-US_SP5844,BRCA-EU_SP118074,Breast-cancer::PD5932a,Breast-cancer::PD13603a,Breast-cancer::PD9756a,Breast-cancer::PD9604a,Breast-cancer::PD13619a,Breast-cancer::PD14468a,BRCA-US_SP6429,BRCA-EU_SP117901,Breast-cancer::PD23574a,Breast-cancer::PD18259a,Breast-cancer::PD8977a,Breast-cancer::PD18017a,Breast-cancer::PD11366a,Breast-cancer::PD13608a,BRCA-UK_SP116349,Breast-cancer::PD13167a,BRCA-EU_SP116991,Breast-cancer::PD7066a,Breast-cancer::PD7243a,Breast-cancer::PD23560a,Breast-cancer::PD24219a,BRCA-EU_SP117032,BRCA-US_SP4875,Breast-cancer::PD24193a,BRCA-US_SP4472,Breast-cancer::PD9696a,Breast-cancer::PD9467a,BRCA-EU_SP117354,Breast-cancer::PD9571a,Breast-cancer::PD11819a,Breast-cancer::PD13296a,Breast-cancer::PD11766a,Breast-cancer::PD4833a,Breast-cancer::PD13166a,Breast-cancer::PD11367a,Breast-cancer::PD9575a,Breast-cancer::PD13752a,BRCA-US_SP12049,BRCA-UK_SP116363,Breast-cancer::PD6045a,BRCA-EU_SP117127,Breast-cancer::PD24202a,Breast-cancer::PD4966a,Breast-cancer::PD4847a,BRCA-US_SP6673,Breast-cancer::PD5935a,Breast-cancer::PD11389a,Breast-cancer::PD18189a,Breast-cancer::PD23554a,Breast-cancer::PD4957a,Breast-cancer::PD24224a,Breast-cancer::PD11327a,Breast-cancer::PD10010a,BRCA-US_SP11292,Breast-cancer::PD4969a,Breast-cancer::PD7240a,BRCA-US_SP6825,BRCA-UK_SP2357,BRCA-EU_SP117244,BRCA-EU_SP124197,BRCA-UK_SP2349,Breast-cancer::PD23562a,Breast-cancer::PD9760a,Breast-cancer::PD13762a,Breast-cancer::PD14442a,Breast-cancer::PD8982a,Breast-cancer::PD24221a,BRCA-UK_SP2147,Breast-cancer::PD6732b,BRCA-UK_SP116367,Breast-cancer::PD24333a,Breast-cancer::PD14454a,Breast-cancer::PD5960a,Breast-cancer::PD11338a,BRCA-US_SP5381,BRCA-US_SP5636,BRCA-EU_SP117710,Breast-cancer::PD9009a,Breast-cancer::PD9581a,Breast-cancer::PD24308a,Breast-cancer::PD13754a,Breast-cancer::PD11741a,Breast-cancer::PD9464a,Breast-cancer::PD24190a,Breast-cancer::PD6410a,Breast-cancer::PD14467a,BRCA-UK_SP116339,BRCA-EU_SP116948,Breast-cancer::PD14434a,Breast-cancer::PD11368a,Breast-cancer::PD9752a,BRCA-US_SP5393,Breast-cancer::PD13306a,Breast-cancer::PD11393a,Breast-cancer::PD24218a,Breast-cancer::PD9755a,BRCA-US_SP11171,Breast-cancer::PD23559a,Breast-cancer::PD7431a,Breast-cancer::PD4975a,Breast-cancer::PD6728b,BRCA-US_SP8660,Breast-cancer::PD8997a,Breast-cancer::PD18024a,BRCA-US_SP7421,Breast-cancer::PD14453a,Breast-cancer::PD18046a,Breast-cancer::PD4252a,Breast-cancer::PD8984a,Breast-cancer::PD8620a,Breast-cancer::PD9843a,Breast-cancer::PD24337a,BRCA-US_SP4523,Breast-cancer::PD7428a,Breast-cancer::PD11742a,Breast-cancer::PD18101a,Breast-cancer::PD24336a,Breast-cancer::PD6684a,Breast-cancer::PD8998a,Breast-cancer::PD8612a,Breast-cancer::PD11743a,Breast-cancer::PD11382a,BRCA-US_SP3415,BRCA-EU_SP117598,BRCA-UK_SP116377,Breast-cancer::PD22363a,Breast-cancer::PD13307a,BRCA-EU_SP117800,Breast-cancer::PD14460a,Breast-cancer::PD14435a,BRCA-EU_SP124193,Breast-cancer::PD4841a,Breast-cancer::PD11339a,Breast-cancer::PD23563a,Breast-cancer::PD24306a,Breast-cancer::PD18728a,Breast-cancer::PD4826a,Breast-cancer::PD6048a,Breast-cancer::PD4874a,Breast-cancer::PD17976a,Breast-cancer::PD23569a,Breast-cancer::PD11365a,Breast-cancer::PD13428a,Breast-cancer::PD8996a,Breast-cancer::PD18776a,Breast-cancer::PD13420a,BRCA-UK_SP116347,Breast-cancer::PD18269a,Breast-cancer::PD13418a,BRCA-EU_SP117618,Breast-cancer::PD4956a,BRCA-EU_SP117454,Breast-cancer::PD23575a,Breast-cancer::PD8621a,Breast-cancer::PD7322a,Breast-cancer::PD8619a,Breast-cancer::PD13609a,Breast-cancer::PD9844a,Breast-cancer::PD11364a,Breast-cancer::PD24215a,BRCA-EU_SP117402,Breast-cancer::PD11748a,Breast-cancer::PD5948a,BRCA-US_SP6115,BRCA-US_SP2766,Breast-cancer::PD22366a,Breast-cancer::PD4086a,BRCA-US_SP4557,Breast-cancer::PD11357a,BRCA-UK_SP2160,Breast-cancer::PD8609a,Breast-cancer::PD9193a,Breast-cancer::PD8610a,Breast-cancer::PD11360a,Breast-cancer::PD8999a,BRCA-US_SP9930,Breast-cancer::PD11359a,Breast-cancer::PD9593a,Breast-cancer::PD6041a,Breast-cancer::PD11344a,Breast-cancer::PD11384a,Breast-cancer::PD11750a,Breast-cancer::PD4076a,Breast-cancer::PD24214a,BRCA-UK_SP116333,BRCA-EU_SP117370,Breast-cancer::PD18100a,Breast-cancer::PD11361a,Breast-cancer::PD13426a,Breast-cancer::PD18037a,Breast-cancer::PD11370a,BRCA-US_SP2826,Breast-cancer::PD4972a,Breast-cancer::PD14456a,BRCA-US_SP10635,BRCA-US_SP7291,Breast-cancer::PD11347a,Breast-cancer::PD23577a,Breast-cancer::PD11816a,Breast-cancer::PD8615a,Breast-cancer::PD6731a2,Breast-cancer::PD13302a,Breast-cancer::PD24217a,Breast-cancer::PD13758a,BRCA-US_SP12186,Breast-cancer::PD5930a,Breast-cancer::PD11377a,Breast-cancer::PD24189a,BRCA-US_SP11808,Breast-cancer::PD24212a,BRCA-EU_SP117372,BRCA-US_SP10563,BRCA-US_SP5559,BRCA-US_SP5808,Breast-cancer::PD6727b,Breast-cancer::PD24206a,BRCA-US_SP4593,Breast-cancer::PD11751a,Breast-cancer::PD13755a,Breast-cancer::PD4986a,Breast-cancer::PD11402a,Breast-cancer::PD24194a,Breast-cancer::PD22355a,BRCA-EU_SP117257,Breast-cancer::PD13761a,Breast-cancer::PD13419a,Breast-cancer::PD11765a,Breast-cancer::PD11375a,BRCA-UK_SP2148,Breast-cancer::PD5954a,Breast-cancer::PD13165a,Breast-cancer::PD13299a,Breast-cancer::PD9754a,Breast-cancer::PD24188a,BRCA-US_SP96147,Breast-cancer::PD18022a,Breast-cancer::PD8995a,Breast-cancer::PD5934a,Breast-cancer::PD11818a,Breast-cancer::PD9757a,BRCA-US_SP9433,BRCA-EU_SP117593,BRCA-UK_SP116361,Breast-cancer::PD13607a,BRCA-EU_SP117113,BRCA-EU_SP117785,BRCA-UK_SP116373,BRCA-EU_SP117629,BRCA-EU_SP118073,BRCA-EU_SP117728,Breast-cancer::PD22356a,Breast-cancer::PD8608a,Breast-cancer::PD11349a,BRCA-US_SP5473,BRCA-US_SP2714,Breast-cancer::PD8660a2,BRCA-UK_SP2153,Breast-cancer::PD18047a,BRCA-US_SP2881,BRCA-EU_SP117363,Breast-cancer::PD8981a,Breast-cancer::PD7307a,Breast-cancer::PD18020a,Breast-cancer::PD5947a,Breast-cancer::PD18116a,Breast-cancer::PD11341a,Breast-cancer::PD17994a,Breast-cancer::PD7306a,Breast-cancer::PD18247a,Breast-cancer::PD13311a,Breast-cancer::PD11744a,Breast-cancer::PD11337a,BRCA-UK_SP2150,Breast-cancer::PD4955a,BRCA-US_SP7692,Breast-cancer::PD8979a,Breast-cancer::PD13605a,Breast-cancer::PD7427a,Breast-cancer::PD18031a,Breast-cancer::PD11376a,BRCA-US_SP5052,BRCA-US_SP8987,BRCA-US_SP2997,BRCA-EU_SP117840,Breast-cancer::PD13756a,Breast-cancer::PD11343a,BRCA-UK_SP116369,Breast-cancer::PD8611a,Breast-cancer::PD18748a,BRCA-UK_SP2145,BRCA-UK_SP116365,Breast-cancer::PD23565a,BRCA-US_SP11948,Breast-cancer::PD13310a,BRCA-EU_SP118038,Breast-cancer::PD13753a,Breast-cancer::PD11745a,Breast-cancer::PD9847a,Breast-cancer::PD24184a,BRCA-EU_SP117778,Breast-cancer::PD9606a,Breast-cancer::PD18251a,Breast-cancer::PD13768a,Breast-cancer::PD11769a,Breast-cancer::PD24328a,Breast-cancer::PD7249a,BRCA-EU_SP117933,Breast-cancer::PD9759a,BRCA-US_SP2801,BRCA-EU_SP117409,BRCA-US_SP9481,Breast-cancer::PD24204a,Breast-cancer::PD5945a,BRCA-US_SP5784,Breast-cancer::PD11396a,Breast-cancer::PD7210a,Breast-cancer::PD7211a,Breast-cancer::PD11757a,Breast-cancer::PD13304a,Breast-cancer::PD23552a,BRCA-US_SP5448,BRCA-US_SP8795,BRCA-UK_SP2154,Breast-cancer::PD24192a,Breast-cancer::PD23566a,BRCA-US_SP11235,BRCA-UK_SP116345,Breast-cancer::PD7069a,Breast-cancer::PD6413a,BRCA-US_SP8394,BRCA-UK_SP116375,Breast-cancer::PD7250a,Breast-cancer::PD24325a,Breast-cancer::PD13625a,Breast-cancer::PD18733a,Breast-cancer::PD9541a,Breast-cancer::PD24220a,BRCA-UK_SP116341,Breast-cancer::PD9539a,Breast-cancer::PD13162a,BRCA-EU_SP117105,Breast-cancer::PD14471a,Breast-cancer::PD10011a,Breast-cancer::PD9761a,Breast-cancer::PD7426a,Breast-cancer::PD23579a,Breast-cancer::PD23564a,Breast-cancer::PD13604a,BRCA-UK_SP2293,Breast-cancer::PD24326a,BRCA-EU_SP117011,Breast-cancer::PD23561a,Breast-cancer::PD13425a,Breast-cancer::PD6405a,Breast-cancer::PD4977a,Breast-cancer::PD9063a,BRCA-US_SP3631,Breast-cancer::PD5937a
SBS1,546,470,573,392,417,323,352,247,345,241,353,288,146,282,736,216,622,149,317,600,205,416,382,425,229,417,331,212,1139,168,554,240,370,394,205,270,700,479,694,412,604,407,415,254,575,685,287,255,301,182,694,200,363,691,266,383,784,395,201,108,185,317,388,482,300,81,77,219,329,348,208,496,278,594,280,520,467,1029,357,340,359,784,169,238,435,463,421,414,216,215,351,176,813,179,342,234,323,523,179,715,261,402,725,382,327,295,151,835,140,215,307,213,408,170,262,470,160,483,256,1171,963,341,341,271,1051,325,261,425,234,456,557,936,224,350,393,356,415,342,335,568,273,758,299,239,1216,250,283,501,400,351,239,888,163,222,261,686,339,304,706,286,143,260,285,127,417,244,420,198,350,126,164,232,111,251,233,121,648,1237,375,176,278,604,392,600,229,207,712,96,373,253,725,522,300,282,356,228,375,262,496,210,358,323,229,376,333,246,302,340,368,229,668,561,602,267,746,228,256,387,349,342,272,232,386,422,397,611,490,446,483,488,177,207,269,354,564,342,148,153,448,77,371,351,368,349,197,698,371,457,500,392,539,266,390,509,304,94,197,252,479,193,401,50,520,372,557,251,289,534,185,622,213,423,383,24,383,316,416,230,50,348,120,326,611,403,286,327,344,17,320,584,193,355,201,184,484,208,270,395,201,184,220,242,172,343,608,373,329,206,336,408,1283,174,350,164,348,298,339,245,231,292,315,263,679,93,207,709,190,305,4244,695,388,264,583,433,587,833,184,339,681,281,173,393,322,679,230,158,156,198,367,242,249,443,224,342,293,435,228,986,418,213,220,580,362,135,424,369,318,413,284,378,278,109,343,611,549,447,1286,1004,392,457,316,253,230,632,255,222,218,215,738,303,177,276,335,436,207,1126,457,172,112,338,509,635,479,346,273,276,388,448,259,431,238,288,749,446,339,240,330,235,234,334,320,239,311,246,312,247,314,167,330,413,284,402,669,190,394,326,238,459,89,302,333,568,626,446,449,375,358,361,423,195,657,1107,319,511,1070,281,654,540,271,959,343,523,651,378,350,170,4523,21538,864,517,375,239,1529,744,633,854,679,424,3845
SBS2,155,934,187,629,161,126,2844,468,117,330,975,0,255,166,515,1368,0,312,0,204,55,124,333,121,0,188,499,0,4886,284,271,179,114,93,189,147,281,135,718,330,2170,260,1123,236,230,265,57,157,34,53,228,544,223,148,1183,247,385,4512,42,210,196,68,147,0,605,12,170,73,0,261,66,139,154,123,290,1069,199,3331,197,306,243,660,59,144,621,0,367,458,57,220,844,0,339,750,539,536,218,395,62,193,111,146,355,216,43,183,38,173,250,0,157,196,363,92,0,461,63,4228,429,116,224,498,250,1185,214,66,48,173,1001,738,475,123,76,138,725,80,145,293,97,510,249,0,38,0,375,303,207,165,120,97,0,690,114,209,175,194,211,108,429,190,333,0,261,29,0,3672,332,0,427,109,151,104,188,98,335,30,148,2875,771,636,6452,771,162,573,0,40,1824,0,474,160,171,1459,141,146,0,0,109,494,3326,0,92,0,107,434,272,151,84,88,213,176,1385,315,193,273,0,102,72,110,215,537,172,96,259,137,147,703,1956,109,0,352,651,0,114,176,407,534,0,289,634,1015,180,110,237,614,0,367,196,1568,283,1530,202,770,184,0,123,38,168,475,164,935,0,34,0,74,128,0,0,0,0,1183,0,344,60,20,174,0,136,1224,0,67,189,794,277,0,87,125,575,15,233,0,145,1787,67,281,91,45,3226,130,0,0,4432,126,413,200,0,169,115,90,73,132,250,0,146,0,0,81,83,295,71,520,653,1245,211,4973,0,2872,122,1214,0,176,482,4869,1375,5342,536,453,265,166,866,58,0,111,4910,133,229,0,56,73,0,1162,209,1120,1343,56,179,105,101,1952,205,0,72,4489,0,2519,239,95,354,176,268,0,57,0,5229,942,316,877,2172,886,88,274,176,129,2305,1182,178,84,184,169,679,3131,60,0,224,144,305,8956,226,27,29,158,136,446,676,87,90,0,139,416,202,509,336,416,2356,331,0,2678,2398,196,0,626,76,0,131,0,89,177,778,0,100,285,292,0,0,160,386,76,0,203,114,0,3135,1032,191,294,603,0,178,108,1022,360,739,0,107,287,586,163,237,277,599,114,735,322,106,0,76,935,0,0,40206,32408,10447,21565,17562,7289,8895,19729,26431,12411,23827
SBS3,0,11494,6753,1240,1784,0,0,5299,0,0,0,0,0,0,10244,0,0,0,0,969,0,0,0,944,3882,6855,6435,0,0,0,0,0,0,0,329,2437,2354,1119,0,3036,0,1777,0,0,0,13259,540,0,0,0,0,0,3187,0,0,8280,0,0,0,0,619,0,2633,7153,0,0,0,0,667,569,534,847,1153,1660,0,0,0,0,0,2690,8988,0,0,733,1604,0,0,0,376,4162,5343,253,0,0,6859,6125,5355,8928,0,1595,0,0,1206,503,0,417,0,1298,0,553,0,0,0,0,584,6799,383,0,0,0,0,6050,0,0,0,522,0,5436,0,8675,4489,0,0,0,0,0,773,0,2108,1926,1297,0,0,5894,0,3385,4145,448,0,1978,577,13642,500,5009,0,5116,2096,619,12505,4245,0,0,0,0,2613,0,7148,0,0,0,1593,0,0,796,3232,0,2072,0,7221,0,8871,0,4730,1685,0,0,11725,774,6709,1017,4656,0,961,2412,0,0,1002,0,0,0,1739,602,0,1707,3463,4824,381,1085,0,3252,0,888,1551,500,0,0,441,4613,2641,0,4934,1263,5888,654,7142,7000,0,599,827,6065,0,403,3821,1247,12357,4303,229,0,8657,0,728,1198,912,5084,0,3217,6792,0,0,0,0,0,4571,0,6471,0,472,0,1154,0,0,424,0,710,926,0,566,0,347,0,0,7683,497,0,5231,0,1010,0,123,0,0,0,9038,6585,898,4767,5682,60,0,0,0,0,509,3301,0,0,6289,655,0,0,0,0,0,0,0,2101,0,0,0,694,0,331,1338,0,0,0,0,0,2403,0,1197,0,0,0,655,0,2018,0,0,1126,5356,0,0,0,8321,2679,0,0,11354,428,573,518,0,7313,0,0,229,586,0,2954,488,0,0,471,0,743,0,0,9920,483,0,0,0,0,0,0,0,7162,3613,0,0,0,0,3048,2050,7280,11777,4457,0,4787,0,467,0,11507,431,479,0,0,1577,0,2959,434,0,0,3383,0,1279,408,0,731,0,16327,7176,0,0,490,1061,8082,4086,0,0,3668,0,6196,0,0,0,0,611,0,0,302,1388,0,347,829,0,0,457,0,4056,834,0,0,0,0,0,6120,1293,317,0,0,1716,6870,11418,5399,1085,0,0,3176,0,0,3959,0,3385,657,825,0,5792,0,0,0,1451,0,0,0,0,0,0,0,0,0,0,0,0,0,0,0,0
SBS5,2154,1688,1754,1057,1069,936,1555,1505,1007,1139,1781,1418,1280,1450,2685,1348,3012,872,1444,1444,1463,3671,1944,943,1290,1225,1517,1083,9160,750,3392,1244,2007,1967,734,1034,2326,1323,3957,2008,2284,1346,2519,888,1872,2795,556,1567,1829,825,2377,1148,1238,2166,3368,1507,2310,1988,1582,663,1111,1049,587,3287,1340,367,1465,816,874,807,761,1288,810,2186,1431,2060,1398,6372,1274,3052,2793,5767,1090,611,1430,1578,2189,3683,585,674,1864,513,2496,4815,1390,1251,811,1704,934,1051,1120,1560,1007,969,2050,846,900,1670,827,756,1449,1418,1678,961,1237,1316,690,3919,1390,2652,3358,1407,1656,1632,2038,1185,977,1532,4177,1059,552,2296,1421,1949,1876,2143,879,1499,566,2057,833,2195,1877,638,5203,1620,504,1028,1958,1551,769,1396,721,1069,1153,1818,2378,1183,1417,922,1123,914,3847,754,5033,14367,1558,1173,2237,1837,758,1354,4012,851,920,659,1603,6271,1789,971,350,2924,1397,1509,1001,1166,1794,712,2634,1110,1361,6899,713,987,1492,810,1024,1830,3984,1195,2010,1220,848,1601,2530,1037,670,1321,2092,785,3123,1099,1704,788,2335,2449,757,803,1550,1599,853,537,1623,1159,966,3826,4937,1227,1073,1071,930,1126,1122,1413,1274,870,380,2160,1440,1888,502,990,1463,982,1764,2716,1134,2262,2418,1565,2288,1374,1708,1451,749,1156,856,1956,403,4130,1190,271,5422,1749,1077,1200,993,1636,803,2986,947,1640,753,241,1089,1099,1040,1332,187,1539,2042,1889,1184,3397,932,1655,1097,22,2127,2407,1702,1751,472,809,1867,878,990,1146,1045,1150,792,1075,3387,1282,1639,1716,999,832,1020,1339,3361,766,1180,782,1277,1617,1655,1245,1069,1875,781,4221,2987,325,1104,2871,544,1687,7518,1075,1661,1435,2562,7786,1961,1789,2100,1626,1687,1146,985,1402,2899,1197,954,1058,569,1012,1106,784,852,2357,5357,773,1291,1639,907,2835,805,623,994,1938,1413,3247,1886,1159,2687,765,1196,1187,1373,750,1290,1965,2704,1397,5369,3357,1401,2387,2492,549,2354,836,382,648,864,772,2094,815,376,1000,1514,2642,1201,5221,1242,464,732,972,1790,1005,1439,2629,1573,1095,919,1849,1357,1496,764,983,3134,963,1097,3347,1679,1536,1182,1875,2158,681,930,940,735,745,2084,1036,920,2615,1836,818,1586,2480,6143,1531,871,999,33,674,5625,3838,2366,1362,3337,779,1646,1635,2269,459,2643,5072,1540,3824,2206,1307,926,1720,1955,1907,2314,2093,987,3747,1173,6284,37459,28575,6284,414,2014,1432,11572,9389,2322,3183,1492,1629,9407
SBS8,0,0,0,0,0,0,0,0,0,0,0,0,0,0,0,0,0,0,0,0,0,0,0,0,0,0,0,0,0,0,3777,0,0,0,0,0,0,0,0,0,0,0,0,0,0,0,0,0,0,0,0,0,0,0,2276,0,0,0,0,0,0,0,0,0,0,0,0,0,0,0,0,0,0,0,0,0,0,0,0,0,0,6659,0,0,0,0,0,0,0,0,0,0,0,0,0,0,0,0,0,0,0,0,0,0,0,0,0,0,0,0,0,0,0,0,0,0,0,0,0,0,0,0,0,0,0,0,0,0,0,0,0,0,0,0,0,0,0,0,0,0,0,0,0,0,0,0,0,0,0,0,0,0,0,0,0,0,0,0,0,0,0,0,0,0,0,0,0,0,0,2259,0,0,0,0,0,0,0,0,0,0,0,0,0,0,0,0,0,0,0,0,0,0,0,0,0,0,0,0,0,0,0,0,0,0,0,0,0,0,0,0,0,0,0,0,0,0,0,0,0,0,0,0,0,0,0,0,0,0,0,0,0,0,0,0,0,0,0,0,0,0,0,0,0,0,0,0,0,0,0,0,0,0,0,0,0,1057,0,0,0,0,0,0,0,0,0,0,0,0,0,0,0,0,0,417,0,0,0,0,0,0,0,0,0,0,0,0,0,0,0,0,0,0,0,0,0,0,0,0,0,0,0,0,0,0,0,0,0,0,0,0,0,0,0,0,0,0,0,0,0,615,0,0,0,0,0,0,0,0,0,0,0,0,0,0,0,0,0,0,0,0,0,0,0,0,0,0,0,0,0,0,0,0,0,0,0,0,0,0,0,0,0,0,0,0,0,0,0,0,0,0,0,0,0,0,0,0,0,0,0,0,0,0,0,0,0,0,0,0,0,0,0,0,0,0,0,0,0,0,0,0,0,0,0,0,0,0,0,0,0,0,0,0,0,0,0,0,0,0,0,0,0,0,0,0,0,0,0,0,0,0,0,0,0,2612,0,0,0,0,0,0,0,0,0,0,0,0,0,0,0,0,0,0,0,0,0,0,0,0,0,0,0,0,0,0,0,0,0,0,0,0,0,0,0,0,0,0,0,0,0
SBS9,0,1839,0,0,0,0,0,0,0,0,0,0,0,0,0,0,0,0,0,0,0,0,0,0,0,0,0,0,0,0,0,0,0,0,0,0,0,0,0,0,0,0,0,0,0,0,0,0,0,0,0,0,0,0,0,0,0,0,0,0,0,0,0,0,0,0,0,0,0,0,0,0,0,0,0,0,0,0,0,0,0,0,0,0,0,0,0,0,0,0,0,0,0,0,0,0,0,0,0,0,0,0,0,0,0,0,0,0,0,0,0,0,0,0,0,0,0,0,0,0,0,0,0,0,0,0,0,0,0,0,0,0,0,0,0,0,0,0,0,0,0,0,0,608,0,0,0,0,0,0,0,0,0,0,0,0,0,0,0,0,0,0,0,0,0,0,0,0,0,0,0,0,0,0,0,0,0,0,0,0,0,0,0,0,0,0,0,0,0,0,0,0,0,0,0,0,0,0,0,0,0,0,0,0,0,0,0,0,0,0,0,0,0,0,0,0,0,0,0,0,0,0,0,0,0,0,0,0,0,0,0,0,0,0,0,0,0,0,0,0,0,0,0,0,0,0,0,0,0,0,0,0,0,0,0,0,0,0,0,0,0,0,0,0,0,0,0,0,0,0,0,0,0,0,0,0,0,0,0,0,0,0,0,0,0,0,0,0,0,0,0,0,0,0,0,0,0,0,0,0,0,0,0,0,0,0,0,0,0,0,0,0,0,0,0,0,0,0,0,0,0,0,0,0,0,0,0,0,0,0,0,0,0,0,0,0,0,0,0,0,0,0,0,0,0,0,0,0,0,0,0,0,0,0,0,0,0,0,0,0,0,0,0,0,0,0,0,0,0,0,0,0,0,0,0,0,0,0,0,0,0,0,0,0,0,0,0,0,0,0,0,0,0,0,0,0,0,0,0,0,0,0,0,0,0,0,0,0,0,0,0,0,0,0,0,0,0,0,0,0,0,0,0,0,0,0,0,0,0,0,0,0,0,0,0,0,0,0,0,0,0,0,0,1046,0,0,0,0,0,0,0,0,0,0,0,0,0,0,0,0,0,0,0,0,0,0,0,0,0,0,0,0,0,0,0,0,0,0,0
SBS13,223,1684,263,733,416,106,1917,616,61,241,451,0,427,122,1448,889,0,231,0,77,11,193,443,11,0,393,845,0,7214,195,389,89,101,48,68,168,324,1,377,520,2786,314,226,31,108,578,24,114,73,4,115,341,330,155,973,702,279,6856,18,280,44,23,219,0,342,35,351,20,0,45,53,73,166,155,389,1067,46,2877,412,153,560,825,15,74,748,0,265,260,0,783,1675,0,294,1340,674,828,1049,1306,26,200,13,70,245,55,128,22,30,103,121,0,192,36,244,39,0,577,1,3316,301,151,374,1535,308,1106,304,2,18,389,1264,2007,396,78,50,24,1089,27,157,84,241,271,317,0,89,0,323,572,624,43,88,144,0,1717,109,402,275,179,428,24,386,332,224,0,707,14,0,4739,1040,0,304,317,252,112,320,139,721,14,173,2634,205,517,7286,637,570,595,0,17,5242,0,531,347,168,1396,141,129,0,0,100,57,7313,0,238,0,123,328,435,677,59,119,56,268,652,296,173,23,0,85,12,76,359,1046,295,129,534,161,500,1229,2459,69,0,1031,889,0,269,193,1192,841,0,178,2321,1746,68,32,127,1880,0,642,227,1038,308,1019,229,218,253,0,219,149,11,550,132,1925,0,28,0,78,65,0,0,0,0,1960,0,1251,49,44,474,0,221,1881,0,103,284,958,466,0,139,311,1274,23,208,0,130,1147,127,434,47,10,5029,51,0,0,5564,106,2340,41,0,264,29,44,26,0,125,0,186,0,0,41,46,163,126,693,1312,2744,56,9874,0,3141,416,619,0,101,418,6148,484,7959,389,869,217,55,1837,11,0,18,5515,301,71,0,15,43,0,1646,118,702,3696,11,210,57,113,1771,307,0,42,7266,0,4643,286,1,1080,521,430,0,16,0,4011,801,624,2273,2567,1457,74,206,92,81,3461,3450,190,45,103,81,479,4865,122,0,274,105,293,6675,137,40,68,188,43,390,1128,155,92,0,87,764,821,217,381,1024,2553,510,0,2977,3564,198,0,429,29,0,69,0,35,211,893,0,21,86,338,0,0,370,533,49,0,378,401,0,4050,1380,439,310,1711,0,193,45,1393,574,413,0,246,843,249,56,44,653,1230,147,1970,325,48,0,25,4598,0,0,45413,31726,10690,12879,27218,16817,23336,18369,21337,17170,19606
SBS17a,0,0,0,0,0,0,0,0,0,0,0,0,0,0,0,0,0,0,0,0,0,0,0,0,0,0,0,0,0,0,0,0,0,0,0,0,0,0,0,0,0,0,0,0,0,0,0,0,0,0,0,0,0,0,0,0,0,0,0,0,0,0,0,0,0,0,37,0,0,0,0,0,0,0,0,0,0,0,0,0,0,0,0,0,0,0,0,0,0,0,0,0,0,0,0,0,0,0,0,0,0,0,0,0,0,0,0,0,0,0,0,0,0,0,0,0,0,0,0,0,0,0,0,0,0,0,0,0,0,0,0,0,0,0,0,0,0,0,0,0,0,0,0,0,0,0,0,0,0,0,0,0,0,0,0,0,0,0,0,0,0,0,0,0,155,0,0,0,0,0,0,0,0,0,0,0,0,0,0,0,0,0,0,0,0,0,0,0,0,0,0,820,0,0,0,0,0,0,0,0,0,0,0,0,475,0,0,0,0,0,0,0,0,0,0,0,0,0,0,0,0,0,0,0,0,0,0,0,0,0,0,0,0,0,0,0,0,0,0,0,0,0,0,0,0,0,0,0,0,0,0,0,0,0,0,0,0,0,0,0,0,0,0,0,0,0,0,0,0,0,0,0,0,0,0,0,0,0,0,0,0,0,0,0,0,0,0,0,0,0,0,0,0,0,0,0,0,0,0,0,0,0,0,0,0,0,0,0,0,0,0,0,0,0,0,0,0,0,0,0,0,0,0,0,0,0,0,0,0,0,0,0,0,0,0,0,0,0,0,0,0,0,0,0,0,0,0,0,0,0,0,0,0,0,0,0,0,0,0,0,0,0,0,0,0,0,0,0,0,0,0,0,0,0,0,0,0,0,0,0,0,0,0,0,0,0,0,0,0,0,0,0,0,0,0,0,0,0,0,0,0,0,0,120,0,0,0,0,0,0,0,0,0,0,0,0,0,0,0,0,0,0,0,0,0,0,0,0,0,0,0,0,0,0,666,0,0,0,0,0,0,0,0,0,0,0,0,0,0,0,0,0,0,0,373,0,0,0,0,0,0,0,0,215,0,0,0,0,0,0,0,0,0,0,0,0,0,0,0
SBS17b,0,0,0,0,0,0,0,0,0,0,0,0,0,0,0,0,0,0,0,0,0,0,0,0,0,0,0,0,0,0,0,0,0,0,0,0,0,154,0,184,0,0,0,0,0,0,0,0,0,0,0,0,0,0,0,0,0,0,0,0,0,0,0,0,0,0,153,0,0,0,0,0,0,0,0,0,0,0,0,0,0,0,0,0,0,0,0,0,0,0,0,0,0,0,0,0,0,0,0,0,0,0,0,0,0,0,0,0,0,0,0,0,0,0,0,0,0,0,0,0,0,0,0,0,0,0,0,0,0,0,0,0,0,0,0,0,0,0,0,0,0,0,0,0,0,0,0,0,0,0,0,0,0,0,0,0,0,76,0,0,0,0,0,0,320,0,0,0,0,0,0,0,0,0,0,0,0,0,0,0,0,0,0,0,0,0,0,0,0,0,0,11692,0,0,0,0,0,0,0,0,0,0,0,0,1034,0,0,0,0,0,0,0,0,0,0,0,0,0,0,0,0,0,0,0,0,0,0,0,0,0,0,0,0,0,0,0,0,0,0,0,0,0,0,0,0,0,0,0,0,0,0,0,0,0,0,0,0,0,0,0,0,0,250,0,0,0,0,0,0,0,0,0,0,0,0,0,0,0,0,0,0,0,0,0,0,0,0,0,0,0,0,0,0,0,0,0,0,0,0,0,0,0,0,0,0,0,0,0,0,0,0,0,0,0,0,0,0,0,0,0,0,0,0,0,0,0,0,0,0,0,0,0,0,0,0,0,0,0,0,0,0,0,0,0,0,0,0,0,0,0,0,0,0,0,0,0,0,0,0,0,0,0,0,0,0,0,0,0,0,0,0,0,0,0,0,0,0,0,0,0,0,0,0,0,0,0,0,0,0,0,0,0,0,0,0,0,0,0,0,0,0,0,0,317,0,0,0,0,0,0,0,0,0,0,0,0,0,0,0,0,0,0,0,0,0,0,0,0,0,0,0,0,0,0,1183,0,0,0,0,0,0,0,0,0,0,0,0,0,0,0,0,0,0,0,1440,0,0,0,0,0,0,0,0,313,0,0,0,0,0,0,0,0,0,0,0,0,0,0,0
SBS18,507,0,0,0,0,541,0,0,266,222,0,396,0,264,0,0,1463,239,302,349,239,830,1090,0,0,835,0,535,0,0,0,0,629,449,0,480,662,552,0,0,0,429,0,793,563,0,0,492,195,246,700,0,0,840,0,0,1351,0,0,297,237,164,465,908,0,114,0,167,166,0,0,825,0,0,567,0,0,0,0,1361,1826,544,167,193,0,0,0,1088,0,0,0,147,578,1094,0,0,0,0,0,649,207,0,0,269,268,0,132,887,335,167,1017,0,0,197,214,0,138,0,415,399,1250,0,487,0,0,0,176,0,0,0,0,382,219,393,0,277,0,328,0,1366,0,356,0,827,0,727,0,266,723,0,0,0,0,0,340,0,0,385,0,467,243,326,0,113,2159,0,0,201,946,0,0,305,2298,190,0,148,0,2007,0,0,0,1002,0,0,215,219,0,352,1279,0,793,0,228,0,296,199,565,0,0,137,0,239,555,739,1118,0,120,977,378,0,958,295,0,163,1574,250,0,0,0,408,0,289,0,278,1007,0,0,245,712,0,0,256,0,507,0,0,70,375,0,0,0,315,306,0,0,1173,0,0,658,0,418,0,0,263,0,0,0,486,524,0,242,88,0,228,458,168,0,500,0,0,175,0,0,0,0,588,321,0,92,266,1170,0,0,0,0,624,631,0,1683,368,323,0,300,0,463,141,0,261,248,213,0,172,0,213,808,0,313,296,248,0,914,0,0,146,344,0,677,0,0,0,0,0,695,0,160,0,260,0,0,473,1139,0,0,0,0,0,564,0,0,0,0,170,0,0,0,206,0,0,336,0,0,1651,0,232,0,466,175,0,0,145,243,0,0,0,433,493,0,0,0,327,269,0,0,0,0,0,0,0,294,1201,1287,204,0,0,198,0,182,0,982,0,318,160,562,0,663,0,0,119,410,259,523,0,0,0,0,214,320,0,0,293,0,0,0,0,167,0,0,682,184,0,262,0,258,96,136,0,478,0,185,872,793,0,530,0,0,353,151,0,0,146,0,0,552,0,0,0,793,421,0,0,0,1692,0,1041,1819,417,0,394,0,433,0,387,0,0,335,0,0,0,0,0,0,0,0,0,0,0,0,0,0
SBS21,0,0,0,0,0,0,0,0,0,0,0,0,0,0,0,0,0,0,0,0,0,0,0,0,0,0,0,0,0,0,0,0,0,0,0,0,0,0,0,0,0,0,0,0,0,0,0,0,0,0,0,0,0,0,0,0,0,0,0,0,0,0,0,0,0,0,0,0,0,0,0,0,0,0,0,0,0,0,0,0,0,0,0,0,0,0,0,0,0,0,0,0,0,0,0,0,0,0,0,0,0,0,0,0,0,0,0,0,0,0,0,0,0,0,0,0,0,0,0,0,0,0,0,0,0,0,0,0,0,0,0,0,0,0,0,0,0,0,0,0,0,0,0,0,0,0,0,0,0,0,0,0,0,0,0,0,0,0,0,0,0,0,0,0,0,0,0,0,0,0,0,0,0,0,0,0,0,0,0,0,0,0,0,0,0,0,0,0,0,0,0,0,0,0,0,0,0,0,0,0,0,0,0,0,0,0,0,0,0,0,0,0,0,0,0,0,0,0,0,0,0,0,0,0,0,0,0,0,0,0,0,0,0,0,0,0,0,0,0,0,0,0,0,0,0,0,0,0,0,0,0,0,0,0,0,0,0,0,0,0,0,0,0,0,0,0,0,0,0,0,0,0,0,0,0,0,0,0,0,0,0,0,0,0,0,0,0,0,0,0,0,0,0,0,0,0,0,0,0,0,0,0,0,0,0,0,0,0,0,0,0,0,0,0,0,0,0,0,0,0,0,0,0,0,0,0,0,0,0,0,0,0,0,0,0,0,0,0,0,0,0,0,0,0,0,0,0,0,0,0,0,0,0,0,0,0,0,0,0,0,0,0,0,0,0,0,0,0,0,0,0,0,0,0,0,0,0,0,0,0,0,0,0,0,0,0,0,0,0,0,0,0,0,0,0,0,0,0,0,0,0,0,0,0,0,0,0,0,0,0,0,0,0,0,0,0,0,0,0,0,0,0,0,0,0,0,0,0,0,0,0,0,0,0,0,0,0,0,0,0,0,0,0,0,0,0,0,0,0,0,0,0,0,0,0,0,0,0,0,0,0,0,0,0,0,0,0,0,0,0,0,0,0,0,0,0,0,0,0
SBS26,0,0,0,0,0,0,0,0,0,0,0,0,0,0,0,0,0,0,0,0,0,0,0,0,0,0,0,0,0,0,0,0,0,0,0,0,0,0,0,0,0,0,0,0,0,0,0,0,0,0,0,0,0,0,0,0,0,0,0,0,0,0,0,0,0,0,0,0,0,0,0,0,0,0,0,0,0,0,0,0,0,0,0,0,0,0,0,0,0,0,0,0,0,0,0,0,0,0,0,0,0,0,0,0,0,0,0,0,0,0,0,0,0,0,0,0,0,0,0,0,0,0,0,0,5713,0,0,0,0,0,0,0,0,0,0,0,0,0,0,0,0,0,0,0,0,0,0,0,0,0,0,0,0,0,0,0,0,0,0,0,0,0,0,0,0,0,0,0,0,0,0,0,0,0,0,0,0,0,0,0,0,0,0,0,0,0,0,0,0,0,0,0,0,0,0,0,0,0,0,0,0,0,0,0,0,0,0,0,0,0,0,0,0,0,0,0,0,0,0,0,0,0,0,0,0,0,0,0,0,0,0,0,0,0,0,0,0,0,0,0,0,0,0,0,0,0,0,0,0,0,0,0,0,0,0,0,0,0,0,0,0,0,6375,0,0,0,0,0,0,0,0,0,0,0,0,0,0,0,0,0,0,0,0,0,0,0,0,0,0,0,0,0,0,0,0,0,0,0,0,0,0,0,0,0,0,0,0,0,0,0,0,0,0,0,0,0,0,0,0,0,0,0,0,0,0,0,0,0,6290,0,0,0,0,0,0,0,0,0,0,0,0,0,0,0,0,0,0,0,0,0,0,0,0,0,0,0,0,0,0,0,0,0,0,0,0,0,0,0,0,0,0,0,0,0,0,0,0,0,0,0,0,0,0,0,0,0,0,0,0,0,0,0,0,0,0,0,0,0,0,0,0,0,0,0,0,0,0,0,0,0,0,0,0,0,0,0,0,0,0,0,0,0,0,0,0,0,0,0,0,0,0,0,0,0,0,0,0,0,0,0,0,0,0,0,0,0,0,0,0,0,0,0,0,0,0,0,0,0,0,0,0,0,0,0,0,0,0,0,0,0,0,0,0,0,0,0,0,0,0
SBS30,0,0,0,0,0,0,0,0,0,0,0,150,0,0,0,0,0,0,136,0,110,0,0,0,0,0,5184,0,0,0,0,0,0,0,0,0,0,0,0,0,0,0,0,0,0,0,0,0,0,0,0,0,0,0,0,0,0,0,0,0,0,0,0,0,0,0,0,0,218,177,0,0,0,0,0,0,0,0,0,0,0,0,0,0,0,0,0,0,0,0,0,0,0,0,0,0,0,0,0,375,0,0,0,157,225,0,0,0,161,173,0,0,0,99,0,0,0,0,0,0,0,0,0,0,0,0,0,0,0,0,0,0,0,0,0,0,0,0,0,0,0,0,0,0,0,0,0,0,0,0,0,0,0,0,0,0,0,0,0,0,0,0,0,0,0,0,0,98,0,0,0,0,0,0,0,0,0,0,0,0,0,0,0,0,119,0,0,0,0,0,0,0,0,0,142,0,0,0,0,0,0,0,0,0,0,0,0,0,0,0,0,0,0,0,0,0,158,0,0,0,0,0,0,0,0,0,0,0,220,0,0,0,0,0,0,0,0,0,0,0,0,0,0,0,0,0,0,0,0,0,0,0,0,175,0,0,0,0,206,0,0,0,0,195,0,0,0,0,0,0,0,0,0,0,0,0,0,0,47,0,0,0,0,0,0,0,0,0,0,0,0,0,0,0,0,0,0,0,113,0,0,0,0,0,0,0,0,0,0,0,0,0,0,0,0,0,0,0,0,0,0,0,0,0,163,0,0,0,0,0,0,0,0,0,0,0,0,0,0,0,0,0,0,0,0,188,0,0,0,0,0,0,0,0,0,0,0,0,0,132,0,0,0,0,0,0,0,0,0,0,0,0,0,0,0,0,0,0,0,0,0,0,0,0,133,0,0,0,0,0,0,0,0,0,0,0,244,0,0,0,0,0,0,0,0,0,0,0,0,0,0,0,0,0,121,0,0,0,0,0,0,0,0,0,0,0,0,0,163,0,0,0,0,0,0,0,0,0,0,0,0,0,0,0,0,0,0,0,0,0,0,0,0,0,0,0,0,0,0,0,0,0,0,0,132,0,0,0,0,0,0,0,0,0,0,0,0,0,0
SBS34,0,0,0,0,0,0,0,0,112,98,0,0,0,0,0,0,0,0,121,0,0,0,0,111,0,0,0,0,0,82,0,77,112,0,0,0,0,0,0,0,0,237,0,0,124,0,67,0,88,0,0,0,0,0,0,0,0,0,0,0,0,0,0,0,0,0,138,84,109,0,0,136,0,0,0,0,0,0,0,0,0,0,0,0,0,0,132,0,50,0,0,45,0,0,0,0,0,0,61,177,0,0,0,0,117,0,41,0,91,0,0,0,0,0,0,322,0,0,0,0,0,0,0,0,0,0,59,0,0,0,0,207,96,117,0,0,0,0,0,0,0,0,0,0,0,0,0,0,0,0,89,0,76,0,114,0,0,92,0,0,0,0,0,0,686,0,0,0,0,0,0,80,0,78,0,54,0,0,0,0,0,0,0,0,79,87,0,0,0,0,0,0,0,0,0,0,0,0,0,57,274,111,107,0,0,0,0,0,0,0,0,0,0,0,0,158,0,0,186,0,219,0,0,0,0,0,0,105,0,0,0,0,0,0,0,0,30,164,0,0,94,0,0,0,0,0,0,0,0,0,0,0,0,109,224,60,57,209,0,0,0,0,1035,0,0,0,0,0,44,0,0,0,0,22,0,0,0,0,0,0,0,0,0,0,0,0,0,0,0,0,0,0,0,0,142,60,0,0,0,65,0,0,0,0,0,0,0,57,0,107,0,0,0,48,0,0,0,71,0,0,0,0,246,0,0,0,0,0,0,0,381,0,0,0,0,0,244,0,0,0,0,0,0,0,0,72,63,78,106,0,87,0,0,0,77,0,68,0,0,0,0,0,0,0,0,0,0,0,0,0,0,29,0,0,0,0,0,0,83,0,0,61,0,0,0,62,87,65,258,0,0,0,136,0,0,0,0,0,72,115,141,0,0,0,0,0,0,0,0,0,0,0,0,0,97,0,0,153,0,0,0,0,0,64,60,0,0,0,0,0,0,0,0,0,0,86,51,0,0,74,0,0,0,0,0,0,0,0,0,0,0,0,0,0,0,118,0,0,0,0,0,0,0,0,0,0,0,0,0,0,0,0,0,0,0,0,0,0,0
SBS37,0,0,0,0,0,0,0,0,0,0,0,0,0,0,0,0,0,0,0,0,0,0,0,0,0,0,0,0,0,0,0,0,0,0,0,0,0,0,0,0,0,0,0,0,0,0,0,0,0,0,0,0,0,0,0,0,0,0,0,0,0,0,0,0,0,0,0,0,0,0,0,0,0,0,0,0,0,0,0,0,0,0,0,0,0,0,0,0,0,0,0,0,0,0,0,0,0,0,0,0,0,0,0,0,0,0,0,0,0,0,0,0,0,0,0,0,0,0,0,0,0,0,0,0,0,0,0,830,0,0,0,0,0,0,0,0,0,0,0,0,0,0,0,0,0,0,0,0,0,0,0,0,0,0,0,0,0,0,0,0,0,0,0,0,0,0,0,0,0,0,0,0,0,0,0,0,0,0,0,0,0,0,0,0,0,0,0,0,0,0,0,0,0,0,0,0,0,0,0,0,0,0,0,0,0,0,0,0,0,0,0,0,0,0,0,0,0,0,0,0,0,0,0,0,0,0,0,0,0,0,0,0,0,0,0,0,0,0,0,0,0,0,0,0,0,0,0,0,0,0,0,0,0,0,0,0,0,0,0,0,0,0,0,0,0,0,0,0,0,0,0,0,0,0,0,0,0,0,0,0,0,0,0,0,0,0,0,0,0,0,0,0,0,0,0,0,0,0,0,0,0,0,0,0,0,0,0,0,0,0,0,0,0,0,0,0,0,0,0,0,0,0,0,0,0,0,0,0,0,0,0,0,0,0,0,0,0,0,0,0,0,0,0,0,0,0,0,0,0,0,0,0,0,0,0,0,0,0,0,0,0,0,0,0,0,0,0,0,0,0,0,0,0,0,0,0,0,0,0,0,0,0,0,0,0,0,0,0,0,0,0,0,0,0,0,0,0,0,0,0,0,0,0,0,0,0,0,0,0,0,0,0,0,0,0,0,0,0,0,0,0,0,0,0,0,0,0,0,0,0,0,0,0,0,0,0,0,0,0,0,0,0,0,0,0,0,0,0,0,0,0,0,0,0,0,0,0,0,0,0,0,0,0,0,0,0,0,0,0,0,0,0,0,0,0,0,0,0,0
SBS39,0,0,0,0,0,0,0,0,0,0,0,0,0,0,0,0,0,0,0,0,0,0,0,0,0,0,0,0,0,0,0,0,0,0,0,0,0,0,0,0,0,0,0,0,0,0,0,0,0,0,0,0,0,0,0,0,0,0,0,0,0,0,0,0,0,0,896,0,0,0,0,0,0,0,0,0,0,0,0,0,0,2742,0,0,0,0,0,0,0,0,0,0,0,0,0,0,0,0,0,0,0,0,0,0,0,0,0,0,0,0,0,0,0,0,0,0,0,0,0,0,0,0,0,0,0,0,0,0,0,0,0,0,0,0,0,0,0,0,0,0,0,0,0,0,0,0,0,0,0,0,0,0,0,0,0,0,0,0,0,0,0,0,2597,0,0,0,0,0,0,1793,0,0,4306,0,0,0,0,0,0,0,0,0,0,0,0,0,0,0,0,0,0,0,0,0,0,0,0,0,0,0,0,0,0,0,0,0,0,0,0,0,0,0,0,0,0,0,0,0,0,0,0,0,0,0,0,0,0,0,0,0,0,0,0,0,0,0,0,0,0,0,0,0,0,0,0,0,0,0,0,0,0,0,0,0,0,754,0,0,0,2358,0,0,0,0,0,0,0,0,0,0,0,0,0,290,0,0,0,0,0,0,1068,0,0,2919,0,0,0,0,0,0,0,0,0,0,0,0,0,0,0,0,0,0,3646,0,0,0,0,0,0,0,0,0,0,0,0,0,0,0,0,0,0,0,0,0,0,0,0,0,0,0,0,0,0,0,0,0,0,0,0,0,0,0,0,0,0,0,0,0,0,0,0,0,0,0,0,0,0,0,0,0,0,0,0,0,0,0,0,0,0,0,0,0,0,0,0,0,0,0,0,0,0,0,0,0,0,0,0,0,0,0,0,0,0,0,0,0,0,0,315,0,0,0,0,0,0,0,0,0,0,0,0,0,0,0,0,0,0,0,0,0,0,0,0,0,0,0,0,0,0,0,0,0,0,2264,0,0,0,0,0,0,0,0,0,0,0,0,0,0,0,0,0,0,1608,2695,0,0,0,0,0,0,0,0,0,2046,0,6267,0,0,0,0,0,0,0,0,0,0,0,0,0
SBS40,0,0,0,0,0,0,0,0,0,0,0,0,0,0,0,0,0,0,0,0,0,0,0,0,0,0,0,0,0,0,0,0,0,0,0,0,0,0,0,0,0,0,0,0,0,0,0,0,0,0,0,0,0,0,0,0,0,0,0,0,0,0,0,0,0,0,0,0,0,0,0,0,0,0,0,0,0,0,0,0,0,0,0,0,0,0,0,0,0,0,0,0,0,0,0,0,0,0,0,0,0,0,0,0,0,0,0,0,0,0,0,0,0,0,0,0,0,0,0,0,0,0,0,0,0,0,0,0,0,0,0,0,0,0,0,0,0,0,0,0,0,0,0,0,0,0,0,0,0,0,0,0,0,0,0,0,0,0,0,0,0,0,0,0,0,0,0,0,0,0,0,0,0,0,0,0,0,0,0,0,0,0,0,0,0,0,0,0,0,0,0,0,0,0,0,0,0,0,0,0,0,0,0,0,0,0,0,0,0,0,0,0,0,0,0,0,0,0,0,0,0,0,0,0,0,0,0,0,0,0,0,0,0,0,0,0,0,0,0,0,0,0,0,0,0,0,0,0,0,0,0,0,0,0,0,0,0,0,0,0,0,0,0,0,0,0,0,0,0,0,0,0,0,0,0,0,0,0,0,0,0,0,0,0,0,0,0,0,0,0,0,0,0,0,0,0,0,0,0,0,0,0,0,0,0,0,0,0,0,0,0,0,0,0,0,0,0,0,0,0,0,0,0,0,0,0,0,0,0,0,0,0,0,0,0,0,0,0,0,0,0,0,0,0,0,0,0,0,0,0,0,0,0,0,0,0,0,0,0,0,0,0,0,0,0,0,0,0,0,0,0,0,0,0,0,0,0,0,0,0,0,0,0,0,0,0,0,0,0,0,0,0,0,0,0,0,0,0,0,0,0,0,0,0,0,0,0,0,0,0,4190,0,0,0,0,0,0,0,0,0,0,0,0,0,0,0,0,0,0,0,0,0,0,0,0,0,0,0,0,0,0,0,0,0,0,0,0,0,0,0,0,0,0,0,0,0,0,0,0,0,0,0,0,0,0,0,0,0,0,0,0,0,0,0,0,0,0,0,0
SBS41,0,0,0,0,0,0,0,0,0,0,0,314,0,0,0,0,0,0,0,0,0,0,0,0,619,0,0,0,0,0,701,0,0,0,0,0,0,0,0,0,0,0,0,0,0,0,0,0,0,0,427,0,0,564,0,0,0,0,0,0,283,0,0,0,0,111,0,0,0,0,0,0,273,0,0,0,0,0,0,744,0,2233,0,0,0,0,0,0,0,0,0,0,0,0,0,0,0,0,0,0,0,227,0,0,0,0,0,0,0,0,0,0,0,201,243,0,0,0,0,0,710,0,0,0,0,0,0,0,0,0,0,0,0,0,0,0,0,0,259,0,0,0,0,0,0,0,0,0,0,521,0,0,0,0,0,0,986,0,1010,0,0,0,0,0,0,0,0,0,0,357,0,0,1333,0,0,0,504,0,0,0,0,0,0,0,0,0,0,337,0,0,560,0,0,0,0,0,0,0,0,0,0,0,0,0,0,0,0,0,0,357,0,0,0,0,0,0,0,0,0,0,0,0,0,0,770,0,0,0,438,0,0,0,0,0,0,0,0,0,0,0,0,274,0,0,0,0,0,0,0,0,0,0,0,0,0,0,0,0,0,0,0,154,0,0,0,0,0,0,0,0,0,0,0,0,519,0,386,0,0,0,1237,0,0,1662,0,0,0,0,0,0,0,0,0,0,0,0,0,0,0,0,0,0,0,0,0,0,0,0,0,0,0,0,0,0,0,0,0,0,0,0,0,0,0,0,0,0,352,0,0,0,0,0,0,0,0,0,0,0,0,0,0,0,0,0,0,0,0,0,0,0,0,0,0,0,0,0,0,0,0,0,0,0,0,0,0,0,0,0,0,0,0,0,0,0,0,0,2709,0,0,0,0,0,0,0,0,0,0,0,0,0,420,0,0,0,0,0,422,0,0,0,0,0,0,0,0,0,0,0,0,0,0,0,0,0,0,0,0,0,0,0,0,0,374,0,0,0,0,0,0,0,0,0,0,623,0,0,0,0,0,0,0,0,0,0,0,0,0,329,0,0,0,0,0,1070,0,0,0,0,0,0,0,0,0,1450,0,0,0,0,0,0,0,0,0,0,0,0,0,0,0
SBS44,0,0,0,0,0,0,0,0,0,0,0,0,0,0,0,0,0,0,0,0,0,0,0,0,0,0,0,0,0,0,0,0,0,0,0,0,0,0,0,0,0,0,0,0,0,0,0,0,0,0,0,0,0,0,0,0,0,0,0,0,0,0,0,0,0,0,0,0,0,0,0,0,0,0,0,0,0,0,0,0,0,0,0,0,0,0,0,0,0,0,0,0,0,0,0,0,0,0,0,0,0,0,0,0,0,0,0,0,0,0,0,0,0,0,0,0,0,0,0,0,0,0,0,0,1330,0,0,0,0,0,0,0,0,0,0,0,0,0,0,0,0,0,0,0,4092,0,0,0,0,0,0,0,0,0,0,0,0,0,0,0,0,0,0,0,0,0,0,0,0,0,0,0,0,0,0,0,0,0,0,0,0,0,0,0,0,0,0,0,0,0,0,0,0,0,0,0,0,0,0,0,0,0,0,0,0,0,0,0,0,0,0,0,0,0,0,0,0,0,0,0,0,0,0,0,0,0,0,0,0,0,0,0,0,0,0,0,0,0,0,0,0,0,0,0,0,0,0,0,0,0,0,0,0,0,0,0,0,0,0,0,0,0,0,0,0,0,0,0,0,0,0,0,0,0,0,0,0,0,0,0,0,0,0,0,0,0,0,0,0,0,0,0,0,0,0,0,0,0,0,0,0,0,0,0,0,0,0,0,0,0,0,0,0,0,0,0,0,0,0,0,0,0,0,0,0,0,0,0,11390,0,0,0,0,0,0,0,0,0,0,0,0,0,0,0,0,0,0,0,0,0,0,0,0,0,0,0,0,0,0,0,0,0,0,0,0,0,0,0,0,0,0,0,0,0,0,0,0,0,0,0,0,0,0,0,0,0,0,0,0,0,0,0,0,0,0,0,0,0,0,0,0,0,0,0,0,0,0,0,0,0,0,0,0,0,0,0,0,0,0,0,0,0,0,0,0,0,0,0,0,0,0,0,0,0,0,0,0,0,0,0,0,0,0,0,0,0,0,0,0,0,0,0,0,0,0,0,0,0,0,0,0,0,0,0,0,0,44966,32948,0,0,0,0,0,0,0,0,0,0,19178
SBS60,0,0,0,0,0,0,0,0,0,0,0,0,0,0,0,0,0,0,0,326,0,0,0,0,0,0,0,0,0,0,0,0,0,0,0,0,0,0,0,0,0,0,0,0,0,0,0,0,0,0,0,0,0,0,0,0,0,0,0,0,0,0,0,0,0,0,0,0,0,0,0,0,0,0,0,0,0,0,0,0,0,0,0,0,0,0,0,0,0,0,0,0,0,0,0,0,0,0,0,0,0,0,0,0,0,0,0,0,0,0,0,0,0,0,0,0,0,0,0,0,0,0,0,0,0,0,0,0,0,0,0,0,0,0,0,0,0,0,0,0,0,0,0,0,0,0,0,0,0,0,0,0,0,0,0,0,0,0,0,0,0,0,0,0,0,0,0,0,0,0,0,0,0,0,0,0,0,0,0,0,0,0,0,0,0,0,0,0,0,0,0,0,0,0,0,0,0,0,0,0,0,0,0,0,0,0,0,0,0,0,0,0,0,0,0,0,0,0,0,0,0,0,0,0,0,0,0,0,0,0,0,0,0,0,0,0,0,0,0,0,0,0,0,0,0,0,0,0,0,0,0,0,0,0,0,0,0,0,0,0,0,0,0,0,0,0,0,0,0,0,0,0,0,0,0,0,0,0,0,0,0,0,0,0,0,0,0,0,0,0,0,0,0,0,0,0,0,0,0,0,0,0,0,0,0,0,0,0,0,0,0,0,0,0,0,0,0,0,0,0,0,0,0,0,0,0,0,0,0,0,0,0,0,0,0,0,0,0,0,0,0,0,0,0,0,0,0,0,0,0,0,0,0,0,0,0,0,0,0,0,0,0,0,0,0,0,0,0,0,0,0,0,0,0,0,0,0,0,0,0,0,0,0,0,0,0,0,0,0,0,0,0,0,0,0,0,0,0,0,0,0,0,0,0,0,0,0,0,0,0,0,0,0,0,0,0,0,0,0,0,0,0,0,0,0,0,0,0,0,0,0,0,0,0,0,0,0,0,0,0,0,0,0,0,0,0,0,0,0,0,0,0,0,0,0,0,0,0,0,0,0,0,0,0,0,0,0,0,0,0,0,0,0,0,0,0,0,0,0
