,BRCA-EU_SP116946,BRCA-EU_SP116947,BRCA-EU_SP116948,BRCA-EU_SP116963,BRCA-EU_SP116991,BRCA-EU_SP117011,BRCA-EU_SP117032,BRCA-EU_SP117057,BRCA-EU_SP117078,BRCA-EU_SP117079,BRCA-EU_SP117105,BRCA-EU_SP117108,BRCA-EU_SP117113,BRCA-EU_SP117126,BRCA-EU_SP117127,BRCA-EU_SP117136,BRCA-EU_SP117162,BRCA-EU_SP117244,BRCA-EU_SP117245,BRCA-EU_SP117250,BRCA-EU_SP117257,BRCA-EU_SP117312,BRCA-EU_SP117344,BRCA-EU_SP117354,BRCA-EU_SP117363,BRCA-EU_SP117369,BRCA-EU_SP117370,BRCA-EU_SP117372,BRCA-EU_SP117378,BRCA-EU_SP117402,BRCA-EU_SP117409,BRCA-EU_SP117454,BRCA-EU_SP117538,BRCA-EU_SP117552,BRCA-EU_SP117593,BRCA-EU_SP117598,BRCA-EU_SP117614,BRCA-EU_SP117618,BRCA-EU_SP117629,BRCA-EU_SP117639,BRCA-EU_SP117676,BRCA-EU_SP117710,BRCA-EU_SP117724,BRCA-EU_SP117728,BRCA-EU_SP117778,BRCA-EU_SP117785,BRCA-EU_SP117800,BRCA-EU_SP117812,BRCA-EU_SP117834,BRCA-EU_SP117840,BRCA-EU_SP117850,BRCA-EU_SP117882,BRCA-EU_SP117887,BRCA-EU_SP117901,BRCA-EU_SP117919,BRCA-EU_SP117933,BRCA-EU_SP117944,BRCA-EU_SP117983,BRCA-EU_SP118012,BRCA-EU_SP118038,BRCA-EU_SP118073,BRCA-EU_SP118074,BRCA-EU_SP118077,BRCA-EU_SP124193,BRCA-EU_SP124195,BRCA-EU_SP124197,BRCA-EU_SP124199,BRCA-EU_SP124207,BRCA-UK_SP116331,BRCA-UK_SP116333,BRCA-UK_SP116335,BRCA-UK_SP116339,BRCA-UK_SP116341,BRCA-UK_SP116343,BRCA-UK_SP116345,BRCA-UK_SP116347,BRCA-UK_SP116349,BRCA-UK_SP116351,BRCA-UK_SP116353,BRCA-UK_SP116355,BRCA-UK_SP116357,BRCA-UK_SP116359,BRCA-UK_SP116361,BRCA-UK_SP116363,BRCA-UK_SP116365,BRCA-UK_SP116367,BRCA-UK_SP116369,BRCA-UK_SP116371,BRCA-UK_SP116373,BRCA-UK_SP116375,BRCA-UK_SP116377,BRCA-UK_SP116379,BRCA-UK_SP2144,BRCA-UK_SP2145,BRCA-UK_SP2146,BRCA-UK_SP2147,BRCA-UK_SP2148,BRCA-UK_SP2150,BRCA-UK_SP2151,BRCA-UK_SP2152,BRCA-UK_SP2153,BRCA-UK_SP2154,BRCA-UK_SP2155,BRCA-UK_SP2156,BRCA-UK_SP2158,BRCA-UK_SP2159,BRCA-UK_SP2160,BRCA-UK_SP2293,BRCA-UK_SP2349,BRCA-UK_SP2357,BRCA-US_SP10084,BRCA-US_SP10150,BRCA-US_SP10470,BRCA-US_SP10563,BRCA-US_SP10635,BRCA-US_SP10944,BRCA-US_SP11045,BRCA-US_SP11171,BRCA-US_SP11235,BRCA-US_SP11292,BRCA-US_SP11808,BRCA-US_SP11878,BRCA-US_SP11948,BRCA-US_SP12049,BRCA-US_SP12186,BRCA-US_SP13036,BRCA-US_SP2714,BRCA-US_SP2731,BRCA-US_SP2766,BRCA-US_SP2793,BRCA-US_SP2799,BRCA-US_SP2801,BRCA-US_SP2826,BRCA-US_SP2881,BRCA-US_SP2997,BRCA-US_SP3016,BRCA-US_SP3415,BRCA-US_SP3631,BRCA-US_SP4265,BRCA-US_SP4472,BRCA-US_SP4523,BRCA-US_SP4535,BRCA-US_SP4557,BRCA-US_SP4593,BRCA-US_SP4820,BRCA-US_SP4875,BRCA-US_SP5017,BRCA-US_SP5052,BRCA-US_SP5279,BRCA-US_SP5381,BRCA-US_SP5393,BRCA-US_SP5448,BRCA-US_SP5473,BRCA-US_SP5559,BRCA-US_SP5636,BRCA-US_SP5784,BRCA-US_SP5808,BRCA-US_SP5820,BRCA-US_SP5844,BRCA-US_SP5980,BRCA-US_SP6115,BRCA-US_SP6223,BRCA-US_SP6429,BRCA-US_SP6519,BRCA-US_SP6673,BRCA-US_SP6730,BRCA-US_SP6766,BRCA-US_SP6813,BRCA-US_SP6825,BRCA-US_SP7171,BRCA-US_SP7291,BRCA-US_SP7378,BRCA-US_SP7421,BRCA-US_SP7692,BRCA-US_SP7785,BRCA-US_SP8085,BRCA-US_SP8157,BRCA-US_SP8229,BRCA-US_SP8394,BRCA-US_SP8564,BRCA-US_SP8660,BRCA-US_SP8795,BRCA-US_SP8831,BRCA-US_SP8891,BRCA-US_SP8987,BRCA-US_SP9251,BRCA-US_SP9433,BRCA-US_SP9481,BRCA-US_SP96147,BRCA-US_SP96163,BRCA-US_SP9648,BRCA-US_SP96511,BRCA-US_SP9816,BRCA-US_SP9930,BRCA-US_SP9979,Breast-cancer::PD10010a,Breast-cancer::PD10011a,Breast-cancer::PD10014a,Breast-cancer::PD11326a,Breast-cancer::PD11327a,Breast-cancer::PD11336a,Breast-cancer::PD11337a,Breast-cancer::PD11338a,Breast-cancer::PD11339a,Breast-cancer::PD11340a,Breast-cancer::PD11341a,Breast-cancer::PD11342a,Breast-cancer::PD11343a,Breast-cancer::PD11344a,Breast-cancer::PD11345a,Breast-cancer::PD11346a,Breast-cancer::PD11347a,Breast-cancer::PD11348a,Breast-cancer::PD11349a,Breast-cancer::PD11352a,Breast-cancer::PD11355a,Breast-cancer::PD11357a,Breast-cancer::PD11358a,Breast-cancer::PD11359a,Breast-cancer::PD11360a,Breast-cancer::PD11361a,Breast-cancer::PD11364a,Breast-cancer::PD11365a,Breast-cancer::PD11366a,Breast-cancer::PD11367a,Breast-cancer::PD11368a,Breast-cancer::PD11369a,Breast-cancer::PD11370a,Breast-cancer::PD11372a,Breast-cancer::PD11374a,Breast-cancer::PD11375a,Breast-cancer::PD11376a,Breast-cancer::PD11377a,Breast-cancer::PD11379a,Breast-cancer::PD11380a,Breast-cancer::PD11381a,Breast-cancer::PD11382a,Breast-cancer::PD11383a,Breast-cancer::PD11384a,Breast-cancer::PD11385a,Breast-cancer::PD11386a,Breast-cancer::PD11388a,Breast-cancer::PD11389a,Breast-cancer::PD11390a,Breast-cancer::PD11391a,Breast-cancer::PD11393a,Breast-cancer::PD11394a,Breast-cancer::PD11395a,Breast-cancer::PD11396a,Breast-cancer::PD11397a,Breast-cancer::PD11398a,Breast-cancer::PD11399a,Breast-cancer::PD11402a,Breast-cancer::PD11462a,Breast-cancer::PD11464a,Breast-cancer::PD11465a,Breast-cancer::PD11740a,Breast-cancer::PD11741a,Breast-cancer::PD11742a,Breast-cancer::PD11743a,Breast-cancer::PD11744a,Breast-cancer::PD11745a,Breast-cancer::PD11748a,Breast-cancer::PD11750a,Breast-cancer::PD11751a,Breast-cancer::PD11753a,Breast-cancer::PD11754a,Breast-cancer::PD11755a,Breast-cancer::PD11756a,Breast-cancer::PD11757a,Breast-cancer::PD11760a,Breast-cancer::PD11761a,Breast-cancer::PD11762a,Breast-cancer::PD11765a,Breast-cancer::PD11766a,Breast-cancer::PD11767a,Breast-cancer::PD11768a,Breast-cancer::PD11769a,Breast-cancer::PD11816a,Breast-cancer::PD11818a,Breast-cancer::PD11819a,Breast-cancer::PD13162a,Breast-cancer::PD13163a,Breast-cancer::PD13164a,Breast-cancer::PD13165a,Breast-cancer::PD13166a,Breast-cancer::PD13167a,Breast-cancer::PD13168a,Breast-cancer::PD13296a,Breast-cancer::PD13297a,Breast-cancer::PD13299a,Breast-cancer::PD13302a,Breast-cancer::PD13304a,Breast-cancer::PD13306a,Breast-cancer::PD13307a,Breast-cancer::PD13310a,Breast-cancer::PD13311a,Breast-cancer::PD13312a,Breast-cancer::PD13416a,Breast-cancer::PD13418a,Breast-cancer::PD13419a,Breast-cancer::PD13420a,Breast-cancer::PD13422a,Breast-cancer::PD13424a,Breast-cancer::PD13425a,Breast-cancer::PD13426a,Breast-cancer::PD13427a,Breast-cancer::PD13428a,Breast-cancer::PD13602a,Breast-cancer::PD13603a,Breast-cancer::PD13604a,Breast-cancer::PD13605a,Breast-cancer::PD13606a,Breast-cancer::PD13607a,Breast-cancer::PD13608a,Breast-cancer::PD13609a,Breast-cancer::PD13618a,Breast-cancer::PD13619a,Breast-cancer::PD13620a,Breast-cancer::PD13623a,Breast-cancer::PD13625a,Breast-cancer::PD13626a,Breast-cancer::PD13627a,Breast-cancer::PD13629a,Breast-cancer::PD13630a,Breast-cancer::PD13631a,Breast-cancer::PD13752a,Breast-cancer::PD13753a,Breast-cancer::PD13754a,Breast-cancer::PD13755a,Breast-cancer::PD13756a,Breast-cancer::PD13757a,Breast-cancer::PD13758a,Breast-cancer::PD13760a,Breast-cancer::PD13761a,Breast-cancer::PD13762a,Breast-cancer::PD13763a,Breast-cancer::PD13764a,Breast-cancer::PD13765a,Breast-cancer::PD13766a,Breast-cancer::PD13767a,Breast-cancer::PD13768a,Breast-cancer::PD13770a,Breast-cancer::PD13771a,Breast-cancer::PD14432a,Breast-cancer::PD14433a,Breast-cancer::PD14434a,Breast-cancer::PD14435a,Breast-cancer::PD14437a,Breast-cancer::PD14439a,Breast-cancer::PD14441a,Breast-cancer::PD14442a,Breast-cancer::PD14450a,Breast-cancer::PD14453a,Breast-cancer::PD14454a,Breast-cancer::PD14456a,Breast-cancer::PD14457a,Breast-cancer::PD14458a,Breast-cancer::PD14459a,Breast-cancer::PD14460a,Breast-cancer::PD14461a,Breast-cancer::PD14462a,Breast-cancer::PD14465a,Breast-cancer::PD14467a,Breast-cancer::PD14468a,Breast-cancer::PD14471a,Breast-cancer::PD14472a,Breast-cancer::PD14473a,Breast-cancer::PD15680a,Breast-cancer::PD17973a,Breast-cancer::PD17976a,Breast-cancer::PD17981a,Breast-cancer::PD17987a,Breast-cancer::PD17991a,Breast-cancer::PD17994a,Breast-cancer::PD18017a,Breast-cancer::PD18020a,Breast-cancer::PD18022a,Breast-cancer::PD18024a,Breast-cancer::PD18031a,Breast-cancer::PD18037a,Breast-cancer::PD18045a,Breast-cancer::PD18046a,Breast-cancer::PD18047a,Breast-cancer::PD18048a,Breast-cancer::PD18049a,Breast-cancer::PD18050a,Breast-cancer::PD18100a,Breast-cancer::PD18101a,Breast-cancer::PD18116a,Breast-cancer::PD18149a,Breast-cancer::PD18188a,Breast-cancer::PD18189a,Breast-cancer::PD18247a,Breast-cancer::PD18251a,Breast-cancer::PD18257a,Breast-cancer::PD18258a,Breast-cancer::PD18259a,Breast-cancer::PD18264a,Breast-cancer::PD18269a,Breast-cancer::PD18728a,Breast-cancer::PD18730a,Breast-cancer::PD18733a,Breast-cancer::PD18734a,Breast-cancer::PD18748a,Breast-cancer::PD18749a,Breast-cancer::PD18751a,Breast-cancer::PD18754a,Breast-cancer::PD18756a,Breast-cancer::PD18768a,Breast-cancer::PD18769a,Breast-cancer::PD18771a,Breast-cancer::PD18775a,Breast-cancer::PD18776a,Breast-cancer::PD22036a,Breast-cancer::PD22251a,Breast-cancer::PD22355a,Breast-cancer::PD22356a,Breast-cancer::PD22357a,Breast-cancer::PD22358a,Breast-cancer::PD22359a,Breast-cancer::PD22360a,Breast-cancer::PD22361a,Breast-cancer::PD22362a,Breast-cancer::PD22363a,Breast-cancer::PD22364a,Breast-cancer::PD22365a,Breast-cancer::PD22366a,Breast-cancer::PD23550a,Breast-cancer::PD23552a,Breast-cancer::PD23554a,Breast-cancer::PD23558a,Breast-cancer::PD23559a,Breast-cancer::PD23560a,Breast-cancer::PD23561a,Breast-cancer::PD23562a,Breast-cancer::PD23563a,Breast-cancer::PD23564a,Breast-cancer::PD23565a,Breast-cancer::PD23566a,Breast-cancer::PD23567a,Breast-cancer::PD23568a,Breast-cancer::PD23569a,Breast-cancer::PD23570a,Breast-cancer::PD23574a,Breast-cancer::PD23575a,Breast-cancer::PD23577a,Breast-cancer::PD23578a,Breast-cancer::PD23579a,Breast-cancer::PD24182a,Breast-cancer::PD24183a,Breast-cancer::PD24184a,Breast-cancer::PD24186a,Breast-cancer::PD24188a,Breast-cancer::PD24189a,Breast-cancer::PD24190a,Breast-cancer::PD24191a,Breast-cancer::PD24192a,Breast-cancer::PD24193a,Breast-cancer::PD24194a,Breast-cancer::PD24195a,Breast-cancer::PD24196a,Breast-cancer::PD24197a,Breast-cancer::PD24198a,Breast-cancer::PD24199a,Breast-cancer::PD24200a,Breast-cancer::PD24201a,Breast-cancer::PD24202a,Breast-cancer::PD24204a,Breast-cancer::PD24205a,Breast-cancer::PD24206a,Breast-cancer::PD24207a,Breast-cancer::PD24208a,Breast-cancer::PD24209a,Breast-cancer::PD24212a,Breast-cancer::PD24213a,Breast-cancer::PD24214a,Breast-cancer::PD24215a,Breast-cancer::PD24216a,Breast-cancer::PD24217a,Breast-cancer::PD24218a,Breast-cancer::PD24219a,Breast-cancer::PD24220a,Breast-cancer::PD24221a,Breast-cancer::PD24224a,Breast-cancer::PD24225a,Breast-cancer::PD24302a,Breast-cancer::PD24303a,Breast-cancer::PD24304a,Breast-cancer::PD24306a,Breast-cancer::PD24307a,Breast-cancer::PD24308a,Breast-cancer::PD24314a,Breast-cancer::PD24318a,Breast-cancer::PD24320a,Breast-cancer::PD24322a,Breast-cancer::PD24325a,Breast-cancer::PD24326a,Breast-cancer::PD24327a,Breast-cancer::PD24328a,Breast-cancer::PD24329a,Breast-cancer::PD24332a,Breast-cancer::PD24333a,Breast-cancer::PD24335a,Breast-cancer::PD24336a,Breast-cancer::PD24337a,Breast-cancer::PD4076a,Breast-cancer::PD4252a,Breast-cancer::PD4264a,Breast-cancer::PD4844a,Breast-cancer::PD4872a,Breast-cancer::PD4874a,Breast-cancer::PD4875a,Breast-cancer::PD4876a,Breast-cancer::PD4956a,Breast-cancer::PD4969a,Breast-cancer::PD4972a,Breast-cancer::PD4977a,Breast-cancer::PD4978a,Breast-cancer::PD5930a,Breast-cancer::PD5932a,Breast-cancer::PD5937a,Breast-cancer::PD5938a,Breast-cancer::PD5945a,Breast-cancer::PD5946a,Breast-cancer::PD5947a,Breast-cancer::PD5948a,Breast-cancer::PD5953a,Breast-cancer::PD5954a,Breast-cancer::PD5959a,Breast-cancer::PD5960a,Breast-cancer::PD5964a,Breast-cancer::PD6016a2,Breast-cancer::PD6048a,Breast-cancer::PD6404a,Breast-cancer::PD6405a,Breast-cancer::PD6406a,Breast-cancer::PD6412a,Breast-cancer::PD6414a,Breast-cancer::PD6416a,Breast-cancer::PD6684a,Breast-cancer::PD6711a2,Breast-cancer::PD6727b,Breast-cancer::PD6728b,Breast-cancer::PD6729a2,Breast-cancer::PD6730b,Breast-cancer::PD6731a2,Breast-cancer::PD6732b,Breast-cancer::PD6733b,Breast-cancer::PD7066a,Breast-cancer::PD7067a,Breast-cancer::PD7069a,Breast-cancer::PD7070a,Breast-cancer::PD7202a,Breast-cancer::PD7203a,Breast-cancer::PD7204a,Breast-cancer::PD7205a,Breast-cancer::PD7210a,Breast-cancer::PD7211a,Breast-cancer::PD7220a,Breast-cancer::PD7238a,Breast-cancer::PD7240a,Breast-cancer::PD7243a,Breast-cancer::PD7248a,Breast-cancer::PD7249a,Breast-cancer::PD7250a,Breast-cancer::PD7304a,Breast-cancer::PD7305a,Breast-cancer::PD7306a,Breast-cancer::PD7307a,Breast-cancer::PD7322a,Breast-cancer::PD7341a,Breast-cancer::PD7344a,Breast-cancer::PD7426a,Breast-cancer::PD7427a,Breast-cancer::PD7428a,Breast-cancer::PD8608a,Breast-cancer::PD8609a,Breast-cancer::PD8610a,Breast-cancer::PD8611a,Breast-cancer::PD8612a,Breast-cancer::PD8614a,Breast-cancer::PD8615a,Breast-cancer::PD8617a,Breast-cancer::PD8619a,Breast-cancer::PD8620a,Breast-cancer::PD8621a,Breast-cancer::PD8652a2,Breast-cancer::PD8660a2,Breast-cancer::PD8828a,Breast-cancer::PD8832a,Breast-cancer::PD8969a,Breast-cancer::PD8973a,Breast-cancer::PD8977a,Breast-cancer::PD8978a,Breast-cancer::PD8979a,Breast-cancer::PD8980a,Breast-cancer::PD8981a,Breast-cancer::PD8982a,Breast-cancer::PD8984a,Breast-cancer::PD8995a,Breast-cancer::PD8996a,Breast-cancer::PD8997a,Breast-cancer::PD8998a,Breast-cancer::PD8999a,Breast-cancer::PD9004a,Breast-cancer::PD9009a,Breast-cancer::PD9063a,Breast-cancer::PD9064a,Breast-cancer::PD9065a,Breast-cancer::PD9067a,Breast-cancer::PD9193a,Breast-cancer::PD9464a,Breast-cancer::PD9467a,Breast-cancer::PD9539a,Breast-cancer::PD9541a,Breast-cancer::PD9544a,Breast-cancer::PD9568a,Breast-cancer::PD9571a,Breast-cancer::PD9575a,Breast-cancer::PD9576a,Breast-cancer::PD9578a,Breast-cancer::PD9579a,Breast-cancer::PD9581a,Breast-cancer::PD9584a,Breast-cancer::PD9585a,Breast-cancer::PD9591a,Breast-cancer::PD9593a,Breast-cancer::PD9595a,Breast-cancer::PD9597a,Breast-cancer::PD9600a,Breast-cancer::PD9604a,Breast-cancer::PD9606a,Breast-cancer::PD9608a,Breast-cancer::PD9694a,Breast-cancer::PD9696a,Breast-cancer::PD9702a,Breast-cancer::PD9752a,Breast-cancer::PD9754a,Breast-cancer::PD9755a,Breast-cancer::PD9756a,Breast-cancer::PD9757a,Breast-cancer::PD9759a,Breast-cancer::PD9760a,Breast-cancer::PD9761a,Breast-cancer::PD9842a,Breast-cancer::PD9843a,Breast-cancer::PD9844a,Breast-cancer::PD9845a,Breast-cancer::PD9847a,Breast-cancer::PD4261a,Breast-cancer::PD4826a,Breast-cancer::PD4833a,Breast-cancer::PD4841a,Breast-cancer::PD4847a,Breast-cancer::PD4951a,Breast-cancer::PD4952a,Breast-cancer::PD4955a,Breast-cancer::PD4957a,Breast-cancer::PD4958a,Breast-cancer::PD4966a,Breast-cancer::PD4975a,Breast-cancer::PD4986a,Breast-cancer::PD5934a,Breast-cancer::PD5935a,Breast-cancer::PD5951a,Breast-cancer::PD6041a,Breast-cancer::PD6045a,Breast-cancer::PD6410a,Breast-cancer::PD6413a,Breast-cancer::PD6466b,Breast-cancer::PD7208a,Breast-cancer::PD7217a,Breast-cancer::PD7404a,Breast-cancer::PD7409a,Breast-cancer::PD7431a,Breast-cancer::PD4103a,Breast-cancer::PD3905a,Breast-cancer::PD4086a
SBS1,394,376,368,317,342,239,299,212,414,199,523,323,369,446,260,247,518,176,376,245,230,357,312,400,316,178,329,264,201,326,284,383,342,233,362,197,398,213,284,728,213,262,508,278,320,318,500,262,416,273,329,262,428,234,367,167,179,284,261,240,378,963,402,266,461,278,464,340,425,373,365,340,271,700,361,534,356,441,976,353,283,395,135,286,288,725,448,246,413,1107,698,622,260,238,260,373,242,436,146,323,1004,446,234,354,694,322,193,517,604,375,554,604,383,583,298,1029,186,387,358,233,695,822,446,706,709,770,447,256,327,359,277,413,350,457,346,470,349,424,388,250,354,463,320,339,341,239,454,635,730,228,602,568,549,433,375,394,587,813,1171,435,286,451,425,384,244,694,234,483,1237,338,339,307,611,1126,469,382,417,546,657,698,386,626,470,266,479,363,580,402,435,351,482,549,327,270,287,251,378,219,392,111,661,335,356,509,461,218,334,388,220,456,241,245,835,611,399,212,584,415,395,484,336,348,520,350,686,668,868,174,395,329,367,509,305,309,363,205,368,288,242,270,399,715,198,311,124,746,604,479,326,614,320,575,393,476,304,1139,317,229,342,351,276,235,611,172,681,556,382,165,295,89,698,185,201,198,163,97,540,312,292,213,239,343,442,313,443,261,415,415,888,331,224,679,302,267,457,339,177,230,300,622,156,289,270,641,744,408,171,372,584,341,864,172,712,424,393,230,240,325,691,288,1070,171,343,275,392,255,304,330,323,281,276,168,207,318,158,229,425,407,587,216,302,246,289,385,215,353,229,539,462,182,270,207,151,490,300,348,516,249,313,392,248,280,489,302,261,651,282,287,209,254,401,1107,298,202,215,224,632,228,397,338,1283,1238,446,392,594,421,725,206,148,222,262,322,350,303,311,280,176,557,352,185,197,176,281,496,431,224,355,300,315,316,147,249,220,251,126,267,679,109,457,215,239,168,432,140,371,395,151,344,329,333,126,470,349,273,1529,392,304,21538,749,375,435,370,50,200,456,24,231,244,4523,357,370,334,206,293,4244,333,229,449,1216,322,204,178,231,177,278,26,784,285,669,395,184,520,462,167,388,122,608,120,320,93,228,758,540,96,232,149,179,164,139,94,169,358,382,301,1013,435,511,375,455,247,442,345,522,743,153,269,343,483,467,447,198,193,388,170,423,121,164,854,332,190,341,3845,205,190,618,255,403,337,249,301,282,154,226,479,412,633,204,2690,170,77,448,300,833,232,528,417,263,253,498,335,388,423,199,784,108,345,465,238,459,408,348,648,568,523,314,319,238,717,738,230,316,329,81,170,112,564,343,355,184,259,371,160,315,235,416,177,383,736,1286,259,513,313,446,936,488,457,646,253,712,488,986,557,422,77,208,345,496,679,576,254,215,201,376,501,959,654,219,1084,351,339,685,129,208,210,372,558,216,201,573,222,283,1051,239,218,395,283,323,561,342,256,271,220,330,600,350,327,207,50,237,234,211,252,222,390,417,136,569,207,164,247,127,272,173,418,420,600,184,143,246,195,169,156,378,787,390,342,19,4,17
SBS2,93,120,213,68,293,21565,38,560,458,1125,322,0,95,92,0,0,142,636,298,3681,229,197,134,120,176,30622,115,4869,42,794,292,60,539,47,0,0,110,0,268,1234,196,494,105,57,76,354,283,0,124,90,327,244,307,1001,548,0,750,485,111,2678,0,224,146,770,111,6452,358,306,102,169,0,88,599,281,108,0,80,132,425,374,241,735,2519,190,416,171,416,482,176,0,367,0,338,336,335,474,1162,144,255,126,886,294,536,391,718,2657,145,32408,771,771,271,2170,247,1375,81,3331,1303,110,178,335,176,917,331,429,2872,3075,877,429,125,243,88,285,146,274,87,335,614,12411,147,303,176,0,233,166,0,0,90,446,1477,0,193,1032,316,5342,109,386,536,339,116,333,87,360,173,62,3672,228,0,4228,2875,470,83,157,703,8956,401,333,161,155,739,380,259,191,934,1183,676,223,4489,0,105,844,0,644,326,3226,71,98,0,0,363,188,472,224,0,0,336,184,659,139,4432,3432,330,295,173,942,347,0,0,1123,130,91,73,67,0,138,194,1385,727,0,4512,0,0,136,1214,6604,153,55,237,0,126,66,452,193,0,0,0,0,0,135,76,270,0,230,111,99,1069,4886,0,107,534,110,0,196,277,413,866,265,216,58,183,114,0,196,137,73,114,0,0,89,520,0,0,735,635,135,1120,175,145,335,690,499,1343,211,0,273,1568,0,60,0,0,1183,56,0,76,165,7289,132,0,74,126,250,40206,27,208,239,725,1224,179,66,148,1176,586,0,161,280,629,157,108,2398,0,58,0,284,0,264,0,0,121,260,170,1368,217,0,93,823,0,975,176,202,161,53,147,40,38,1956,141,0,222,0,99,1530,0,315,120,84,48,106,166,57,72,0,0,1026,0,40,169,76,1182,101,147,158,250,4328,109,88,123,367,355,90,0,84,0,93,427,3131,131,290,0,475,2844,0,168,461,163,139,509,1128,71,605,46,73,561,0,65,0,0,49,133,0,2072,220,186,264,1422,250,196,418,0,575,352,3135,109,461,215,249,17562,162,123,0,2356,0,0,173,34,544,738,20,71,127,0,601,114,626,55,179,0,272,0,603,375,4910,65,142,0,45,154,0,660,261,0,239,265,1069,13174,2259,482,0,0,189,2466,4973,102,0,277,0,104,312,62,151,0,38,62,92,87,34,0,621,287,10447,5743,177,124,117,1459,247,289,114,200,0,199,428,508,935,169,259,344,30,0,19729,548,122,498,23827,189,160,158,178,0,0,209,234,146,75,338,164,330,8895,75,0,92,170,634,91,453,96,100,188,1245,160,455,97,129,1022,311,385,210,162,1064,0,203,363,261,148,510,395,778,107,144,380,679,2305,0,247,12,935,29,407,5229,1787,281,202,180,63,653,48,136,651,174,515,2172,333,403,470,1491,123,189,226,926,129,1824,352,1952,128,137,1015,45,525,3326,26431,422,236,159,67,434,165,114,237,73,1599,97,211,265,0,66,0,102,405,57,0,187,1071,0,214,0,31,0,207,218,315,56,72,1185,72,100,573,76,43,0,0,242,0,0,475,209,184,0,113,671,305,151,468,29,172,0,205,332,204,0,333,151,360,59,320,757,804,324,537,176,7,15
SBS3,0,0,0,0,0,0,0,0,0,0,0,0,0,0,0,0,965,0,0,0,0,0,3015,0,0,0,0,0,0,0,4056,497,6859,0,0,0,3551,0,3613,0,0,0,0,0,0,0,0,0,0,0,0,0,5688,0,5710,0,0,0,0,0,0,0,0,0,0,8871,0,2690,0,2101,2674,1085,5792,2354,0,0,0,0,2477,6257,5222,5065,0,4245,3668,4656,8082,1641,7162,0,3217,0,3992,0,3303,6709,2954,0,0,0,4457,6870,6125,1556,0,0,0,0,0,7221,0,0,8280,0,0,0,0,4613,1085,3232,1126,3559,6196,12505,0,0,7280,0,4767,8988,0,0,1338,4787,0,4838,5084,0,2633,3385,1247,0,0,0,5071,5894,0,16327,0,0,1551,0,2050,0,1002,0,8321,0,0,7271,898,5774,5436,0,0,0,0,0,0,0,0,0,7000,0,5908,0,1784,0,0,0,5888,1716,11494,0,7176,3187,0,834,743,5343,7153,9848,4696,6289,0,796,0,0,6907,0,1337,0,0,0,1218,0,0,1061,0,0,0,0,1298,3048,729,0,0,0,655,0,0,0,0,0,5116,0,1377,331,0,667,0,0,0,0,0,0,912,0,0,694,0,1595,0,0,286,0,0,1119,0,0,928,0,518,611,0,0,0,0,4303,1198,434,0,9038,0,11354,2011,503,1624,417,1293,0,619,0,586,500,0,1561,347,0,483,577,0,0,672,0,0,773,0,13642,6435,0,0,317,500,0,0,2959,0,0,0,229,566,390,1388,0,694,0,710,2012,0,0,408,0,0,0,0,0,522,0,0,3385,313,5816,0,1240,0,619,0,602,428,490,0,655,2802,0,0,944,1777,910,0,604,0,0,8501,553,0,3252,0,0,0,2437,0,0,0,961,0,0,0,0,0,394,0,846,381,0,1451,0,540,0,0,0,0,522,0,0,0,11507,0,7142,731,0,0,599,0,1660,0,1206,0,229,479,584,765,0,0,1388,0,253,4489,0,347,472,0,657,847,0,0,505,0,0,564,0,0,403,0,0,388,7313,0,0,4162,422,0,0,0,6792,0,754,5682,0,0,0,6799,2641,1297,0,4730,6471,0,0,5399,5334,0,424,0,8675,0,2403,5113,0,5133,0,0,4590,0,0,3463,3882,11418,0,0,0,1054,0,424,1153,0,0,0,0,5213,0,0,0,0,5356,251,0,0,0,0,0,0,0,774,0,0,0,3000,0,0,347,1739,933,0,0,1604,0,0,0,829,436,0,0,1114,0,3821,0,827,0,8416,2821,0,3304,3298,7683,0,0,0,1133,2018,6050,0,329,0,0,431,6585,0,488,603,2412,455,0,1154,3036,0,3257,0,0,0,8657,473,2679,1263,2433,6855,0,1017,0,2108,0,0,0,0,0,0,0,0,6120,0,569,2072,1926,8928,0,3959,733,0,1577,0,0,0,0,0,0,12357,0,0,3301,4086,728,383,1197,564,1010,0,5231,10244,11777,0,0,3297,0,0,3536,1279,10635,467,11725,6065,0,926,654,0,0,6812,0,0,9105,0,0,509,1707,448,0,825,0,19348,1978,2096,13259,0,534,0,604,7238,376,0,6753,0,682,0,302,502,476,4145,5355,888,471,441,0,0,457,1685,0,0,403,123,835,611,556,0,5009,4571,2613,1846,7762,3383,1593,5299,0,4934,573,9920,7148,969,0,0,4824,3176,0,718,6138,6431,2444,0,0,131,60
SBS5,1967,2112,2092,1049,1499,1432,1877,1486,3683,1144,2093,1038,1159,1493,914,1047,1035,971,1698,1514,954,1274,802,1958,2492,759,999,1435,1582,1889,1836,753,1390,760,1413,1764,1232,947,1196,3508,1418,1830,2074,1373,2158,2687,2418,1188,3671,1573,1192,1007,998,4177,1655,1036,4815,1729,1120,3347,1187,3358,1560,1374,1196,350,2009,3052,2514,1716,1808,1321,1955,2326,1635,1636,2143,1891,4197,1086,1052,1647,3247,922,983,1361,1849,1428,765,5072,2716,3012,840,764,759,2634,784,2642,1280,936,3357,1362,1251,2062,3957,1603,1702,414,2924,1789,3392,2284,1507,2562,1617,6372,1248,803,1646,920,1075,2789,963,1417,2871,5391,1397,1390,1655,2793,1670,2615,1180,2387,2629,2256,982,1629,587,1620,1413,1578,2127,1626,2154,638,2051,1005,4013,810,1704,3838,2704,7786,1024,6143,1961,2496,2652,1436,932,1291,1532,1811,14367,2377,1722,3919,6271,2855,1655,1449,3826,5221,2138,1944,1069,2154,2643,3212,1623,2366,1688,3368,1439,1238,1938,818,1639,1864,3287,2232,1407,990,1172,851,3747,5377,1098,4012,831,1514,1492,1451,1008,864,1902,919,792,3832,1139,1245,1670,1965,1089,1083,2407,2519,1146,1867,1020,1539,5422,1949,1818,3123,1971,766,1988,874,1106,1790,1687,3553,1364,1463,1463,1418,1075,837,2040,1051,1173,1365,850,2335,1346,1323,1531,2464,781,1872,1402,1098,1503,9160,1444,848,870,990,1000,1536,1184,3387,1687,2614,969,735,846,33,2002,1111,1053,1012,721,577,3100,735,1875,623,769,2314,3187,1000,2357,1153,879,1225,1396,1517,5357,2987,674,788,2262,1097,376,1378,1114,2986,569,993,723,1103,9389,1339,806,1749,1126,1656,6284,464,3011,1886,1876,1332,1244,1185,2166,1793,2206,516,644,1361,1057,1567,1183,1679,1220,1146,1095,750,1104,615,1058,1001,943,1346,900,1348,897,940,1077,1872,756,1781,785,2288,2000,825,1034,1166,900,4937,713,1277,1952,845,1045,1565,699,1763,1153,670,977,987,1450,556,904,1028,1190,2846,816,804,772,1421,836,907,966,972,3361,5404,1227,1401,2186,2189,1007,832,380,648,1237,1006,2237,815,930,1431,513,552,1555,803,856,719,1307,1288,1496,1128,683,1340,845,1343,1065,1298,557,1200,766,717,1197,750,2735,674,772,2098,1954,827,1134,1248,673,1097,1442,5625,1837,1316,1550,833,11572,1397,749,28575,3134,779,1338,2927,271,1148,1059,241,1069,1007,37459,1562,2007,1875,1730,1291,7518,2530,1290,3337,5203,2899,1588,659,6499,859,810,311,5767,3847,1586,1707,2100,2060,1121,3159,1661,609,1639,2042,3900,325,2449,2195,1720,712,1354,872,934,596,1994,1156,763,2010,1368,1829,9267,1430,3824,2014,2920,745,766,1007,6899,1250,2160,1122,1282,1073,1398,2412,556,4130,1944,680,1640,659,782,3183,1149,544,1407,9407,734,2480,2245,382,3397,1298,852,1194,987,576,1087,403,2008,2322,316,12147,961,1465,1440,849,1789,537,1645,1225,4221,1110,1980,566,2965,2269,3727,2310,663,1310,4295,871,999,1678,807,1603,2057,1704,2084,1540,611,2146,2094,2354,1099,1581,367,6284,732,1274,1290,1751,809,1357,502,690,781,1040,1040,930,1089,2685,5369,1138,7465,1304,1650,2296,1197,1242,1746,549,1794,1071,2835,1077,1159,1888,878,1449,3984,1492,1439,888,834,472,1601,1028,1907,926,816,2379,1551,2378,2795,755,761,1195,1382,941,585,1045,1754,740,791,2038,681,646,427,504,811,1099,773,757,1632,994,920,1509,1173,2050,1126,187,1672,1182,1117,1956,1069,1708,5033,620,2173,1201,758,1505,754,853,985,805,1558,1444,1150,1123,1037,459,1090,601,1518,1254,1476,1599,181,9,22
SBS8,0,0,0,0,0,0,0,0,0,0,0,0,0,0,0,0,0,0,0,0,0,0,0,0,0,0,0,0,0,0,0,0,0,0,0,0,0,0,0,0,0,0,0,0,0,0,0,0,0,0,0,0,0,0,0,0,0,0,0,0,0,0,0,0,0,0,0,0,0,0,0,0,0,0,0,0,0,0,0,0,0,0,0,0,0,0,0,0,0,0,0,0,0,0,0,0,0,0,0,0,0,0,0,0,0,0,0,0,0,0,3777,0,0,0,0,0,0,0,0,0,0,0,0,0,0,0,0,0,0,0,0,0,0,0,0,0,0,0,0,0,0,0,0,0,0,0,0,0,0,0,0,0,0,0,0,0,0,0,0,0,0,0,0,0,0,0,0,0,0,0,0,0,0,0,0,0,0,0,0,0,0,0,0,2276,0,0,0,0,0,0,0,0,0,0,0,0,0,0,0,0,0,0,0,0,0,0,0,0,0,0,0,0,0,0,0,0,0,0,0,0,0,0,0,0,0,0,0,0,0,0,0,0,0,0,0,0,0,0,0,0,0,0,0,0,0,0,0,0,0,0,0,0,0,0,0,0,0,0,0,0,0,0,0,0,0,0,0,0,0,0,0,0,0,0,0,0,0,0,615,0,0,0,0,0,0,0,0,0,0,0,0,0,0,0,0,0,0,0,0,0,0,0,0,0,0,0,0,0,0,0,0,0,0,0,0,0,0,0,0,0,0,0,0,0,0,0,0,0,0,0,0,0,0,0,0,0,0,0,0,0,0,0,0,0,0,0,0,0,0,0,0,0,0,0,0,0,0,0,0,0,0,0,0,0,0,0,0,0,0,0,0,0,0,0,0,0,0,0,0,0,0,0,0,0,0,0,0,0,0,0,0,0,0,0,0,0,0,0,0,0,0,0,0,0,0,0,0,0,0,0,0,0,0,0,0,0,0,0,0,0,0,2393,0,0,0,0,0,0,0,0,2259,0,0,0,0,0,0,0,0,0,0,0,0,0,0,417,0,0,0,0,0,0,0,0,0,0,0,0,0,0,0,0,8212,0,0,297,6659,0,0,0,0,0,0,0,0,0,0,0,0,0,0,0,0,0,0,0,0,0,2483,1057,0,0,0,0,0,0,0,0,0,0,0,0,0,0,0,0,0,0,0,0,0,0,0,0,0,0,0,0,0,0,0,0,0,2612,0,0,0,0,0,0,0,0,0,0,0,0,0,0,0,0,0,0,0,0,0,0,0,0,0,0,0,0,0,0,0,0,0,0,0,0,0,0,0,0,0,0,0,0,0,0,0,0,0,0,0,0,0,0,0,0,0,0,0,0,0,0,0,0,0,0,7607,0,0,0,0,0,0,0,0,0,0,0,0,0,0,0,0,0,0,0,0,0,0,0,0,0,0,0,0,0,0,0,0,0,0,0,0,0,0,0,0,0,0,0,0,0,0,0,0,0,0,0,0,0,0,0,0,0,0,0,0,0,0,0,0,0,0,0,0,0,0,0,0,0,0,0,0,0,0,0,0,0,0,0,0,0,0,0,0
SBS9,0,0,0,0,0,0,0,0,0,0,0,0,0,0,0,0,0,0,0,0,0,0,0,0,0,0,0,0,0,0,0,0,0,0,0,0,0,0,0,0,0,0,0,0,0,0,0,0,0,0,0,0,0,0,0,0,0,0,0,0,0,0,0,0,0,0,0,0,0,0,0,0,0,0,0,0,0,0,0,0,0,0,0,0,0,0,0,0,0,0,0,0,0,0,0,0,0,0,0,0,0,1046,0,0,0,0,0,0,0,0,0,0,0,0,0,0,0,0,0,0,0,0,0,0,0,8000,0,0,0,0,0,0,0,0,0,0,0,0,0,0,0,0,0,0,0,608,0,0,0,0,0,0,0,0,0,0,0,0,0,0,0,0,0,0,0,0,0,0,0,0,0,0,0,0,0,0,0,0,0,0,0,0,1839,0,0,0,0,0,0,0,0,0,0,0,0,0,0,0,0,0,0,0,0,0,0,0,0,0,0,0,0,0,0,0,0,0,0,0,0,0,0,0,0,0,0,0,0,0,0,0,0,0,0,0,0,0,0,0,0,0,0,0,0,0,0,0,0,0,0,0,0,0,0,0,0,0,0,0,0,0,0,0,0,0,0,0,0,0,0,0,0,0,0,0,0,0,0,0,0,0,0,0,0,0,0,0,0,0,0,0,0,0,0,0,0,0,0,0,0,0,0,0,0,0,0,0,0,0,0,0,0,0,0,0,0,0,0,0,0,0,0,0,0,0,0,0,0,0,0,0,0,0,0,0,0,0,0,0,0,0,0,0,0,0,0,0,0,0,0,0,0,0,0,0,0,0,0,0,0,0,0,0,0,0,0,0,0,0,0,0,0,0,0,0,0,0,0,0,0,0,0,0,0,0,0,0,0,0,0,0,0,0,0,0,0,0,0,0,0,0,0,0,0,0,0,0,0,0,0,0,0,0,0,0,0,0,0,0,0,0,0,0,0,0,0,0,0,0,0,0,0,0,0,0,0,0,0,0,0,0,0,0,0,0,0,0,0,0,0,0,0,0,0,0,0,0,0,0,0,0,0,0,0,0,0,0,0,0,0,0,0,0,0,0,0,0,0,0,0,0,0,0,0,0,0,0,0,0,0,0,0,0,0,0,0,0,0,0,0,0,0,0,0,0,0,0,0,0,0,0,0,0,0,0,0,0,0,0,0,0,0,0,0,0,0,0,0,0,0,0,0,0,0,0,0,0,0,0,0,0,0,0,0,0,0,0,0,0,0,0,0,0,0,0,0,0,0,0,0,0,0,0,0,0,0,0,0,0,0,0,0,0,0,0,0,0,0,0,0,0,0,0,0,0,0,0,0,0,0,0,0,0,0,0,0,0,0,0,0,0,0,0,0,0,0,0,0,0,0,0,0,0,0,0,0,0,0,0,0,0,0,0,0,0,0,0,0,0,0,0,0,0,0,0,0,0,0,0,0,0,0,0,0,0,0,0,0,0,0,0,0,0,0,0,0,0,0,0,0,0,0,0,0,0,0,0,0,0,0,0,0,0,0,0,0,0,0,0,0
SBS13,48,99,56,23,84,12879,89,291,260,701,325,0,1,52,0,0,80,517,166,3036,71,412,58,88,92,24095,29,6148,18,958,338,49,674,14,0,0,158,0,430,260,36,57,180,16,29,1080,308,0,193,92,214,244,195,1264,723,0,1340,509,13,2977,0,374,70,218,46,7286,19,153,134,264,0,119,1230,324,45,0,27,79,275,996,578,1385,4643,332,1024,168,764,368,521,0,642,0,685,381,465,531,1646,105,427,106,1457,310,828,553,377,2592,130,31726,637,205,389,2786,702,484,41,2877,1235,76,193,721,101,1829,510,386,3141,1434,2273,301,311,560,10,86,186,206,155,673,1880,17170,219,572,193,0,208,55,0,0,75,390,1014,0,173,1380,624,7959,100,533,389,294,151,811,139,475,389,63,4739,115,0,3316,2634,183,46,192,1229,6675,557,443,416,223,413,259,534,439,1684,973,1128,330,7266,0,57,1675,0,1488,632,5029,35,139,0,0,726,320,115,274,0,0,211,103,390,87,5564,2573,241,163,103,801,4,0,0,226,51,47,26,103,0,24,179,652,503,0,6856,0,0,43,619,8753,56,11,127,0,106,6,218,200,0,0,0,0,0,1,49,307,0,108,18,83,1585,7214,0,123,841,32,0,198,466,2340,1837,43,55,154,22,401,0,44,56,43,109,0,0,35,693,0,0,1970,768,111,702,275,157,162,1717,845,3696,56,0,23,1038,0,122,0,0,1960,15,0,12,141,16817,0,0,78,231,308,45413,40,198,286,1089,1881,89,2,155,519,249,0,510,93,733,114,24,3564,0,11,0,195,0,530,0,0,11,314,99,889,65,0,41,1282,0,451,268,229,259,4,168,17,30,2459,141,0,50,0,32,1019,0,257,75,59,18,48,122,24,44,0,0,385,0,6,81,50,3450,113,500,188,125,8345,69,74,155,265,245,44,0,45,0,22,304,4865,69,389,0,396,1917,0,11,541,56,73,217,2173,21,342,34,27,1197,0,15,0,0,15,301,0,2417,783,26,605,2052,121,227,329,0,1274,166,4050,317,577,359,317,27218,570,219,0,2553,0,0,502,28,341,2007,44,126,222,0,1750,101,429,215,210,0,435,0,1711,323,5515,34,184,0,12,166,0,825,707,0,291,217,1067,10803,4484,418,0,0,284,2580,9874,85,0,653,0,112,231,26,537,0,149,24,238,106,73,0,748,843,10690,6980,211,56,61,1396,252,178,269,41,0,46,915,643,1925,252,394,1251,14,0,18369,542,416,1535,19606,68,370,171,190,0,0,118,72,129,49,250,132,520,23336,255,0,39,351,2321,28,869,129,136,393,2744,347,586,241,281,1393,658,279,280,23,1986,0,378,244,45,173,271,1306,893,246,74,424,479,3461,0,459,35,4598,68,1192,4011,1147,434,821,68,1,1312,0,221,889,474,1448,2567,331,783,810,2298,78,383,137,1124,81,5242,1031,1771,65,161,1746,10,1160,7313,21337,664,31,106,127,328,43,147,44,20,3347,144,428,578,0,53,0,38,979,0,0,263,868,0,304,0,73,0,624,1049,296,11,12,1106,42,21,595,25,128,0,0,129,0,0,550,402,253,0,193,750,293,252,616,14,295,0,307,1040,77,0,224,677,574,15,238,1044,2128,501,1046,215,26,23
SBS17a,0,0,0,0,0,0,0,0,0,0,0,0,0,0,0,0,0,0,0,0,0,0,0,0,0,0,0,0,0,0,0,0,0,0,0,0,0,0,0,0,0,0,0,0,0,0,0,0,0,0,0,0,0,0,0,0,0,0,0,0,0,0,0,0,0,0,0,0,0,0,183,0,0,0,0,0,0,0,0,0,0,0,0,0,0,0,0,0,0,0,0,0,0,0,0,0,0,0,0,0,0,0,0,0,0,0,0,0,0,0,0,0,0,0,0,0,0,0,0,0,0,0,0,0,0,2249,0,0,0,0,0,0,0,0,120,0,0,0,0,0,0,0,0,0,0,0,0,0,0,0,0,0,0,0,0,666,0,0,0,0,0,0,0,0,0,0,0,0,0,0,0,0,0,0,0,0,0,0,0,0,0,0,0,0,0,0,0,0,0,0,0,0,0,0,0,0,215,0,0,0,62,0,0,0,0,0,0,0,0,0,0,0,0,0,0,0,0,0,0,0,0,0,0,0,0,0,0,0,0,0,0,0,0,0,0,0,0,0,0,0,0,0,0,0,0,0,0,0,0,0,0,0,0,0,0,0,0,0,0,0,0,0,0,0,0,62,0,0,0,0,0,0,0,0,0,0,0,0,0,0,0,0,0,0,0,0,0,0,0,0,0,0,0,0,0,0,0,0,0,0,0,0,0,0,0,0,0,0,0,0,0,0,0,0,0,0,0,0,0,0,373,0,0,0,0,0,0,0,0,0,0,0,0,0,0,0,0,0,0,0,0,0,0,0,0,0,0,0,0,0,0,0,0,0,0,0,0,0,0,0,0,0,0,0,0,0,0,0,0,0,0,0,0,0,0,0,0,0,0,0,0,0,0,0,0,0,0,0,0,0,0,0,0,0,0,0,0,0,0,0,0,0,0,0,0,0,0,0,0,0,0,0,0,0,0,0,0,0,0,0,0,0,0,0,0,0,0,0,0,0,0,0,0,0,0,0,0,0,0,0,0,291,0,0,0,0,0,0,0,0,0,0,0,0,0,475,0,0,0,0,0,0,0,0,0,0,0,0,0,0,0,0,0,0,0,0,0,0,0,0,0,0,0,0,0,0,0,0,0,0,0,0,0,0,0,0,0,0,0,0,0,0,820,0,0,0,0,0,0,0,0,0,0,0,0,0,0,0,0,0,0,0,0,0,0,0,0,0,0,0,0,0,0,0,0,0,0,0,0,37,0,0,0,0,0,0,0,0,0,0,0,0,0,0,0,0,0,0,0,0,0,0,0,0,0,0,0,0,0,0,0,0,0,0,0,0,0,0,0,0,0,0,0,0,0,0,0,0,0,0,0,0,0,0,0,0,0,0,0,0,0,0,0,0,0,0,0,0,0,0,0,0,0,0,0,0,0,0,0,0,0,0,0,0,0,0,0,0,0,0,0,0,0,0,0,0,0,0,0,0,0,0,0,0,0,0,0,0,0,0,0,0,0,0,155,0,0,0,0,0,0,0,0,0,0,0,0,0,0,0,0,0,0,0,52,0,0,0,0
SBS17b,0,0,0,0,0,0,0,0,0,0,0,0,0,0,0,0,0,0,0,0,0,0,0,0,0,0,0,0,0,0,0,0,0,0,0,0,0,0,0,0,0,0,0,0,0,0,0,0,0,0,0,0,0,0,0,0,0,0,0,0,0,0,0,0,0,0,0,0,0,0,370,0,0,0,0,0,0,0,0,0,0,0,0,0,0,0,0,0,0,0,0,0,0,0,0,0,0,0,0,0,0,0,0,0,0,0,0,0,0,0,0,0,0,0,0,0,0,0,0,0,0,0,0,0,0,4811,0,0,0,0,0,0,0,0,317,0,0,0,0,0,0,0,0,0,0,0,0,0,0,0,0,0,0,0,0,1183,0,0,0,0,0,0,0,0,0,0,0,0,0,0,0,0,0,0,0,0,0,0,0,0,0,0,0,0,0,0,0,0,0,0,0,0,0,0,0,0,313,0,0,0,235,0,0,0,0,0,0,0,0,0,0,0,0,0,0,0,0,0,0,0,0,0,250,0,0,0,0,0,0,0,0,0,0,0,0,0,0,0,0,0,0,0,0,0,0,0,0,154,0,0,0,0,0,0,0,0,0,0,0,0,0,0,0,0,0,237,0,0,0,0,0,0,0,0,0,0,0,0,0,0,0,0,0,0,0,0,0,0,0,0,0,0,0,0,0,0,0,0,0,0,0,0,0,0,0,0,0,0,0,0,0,0,0,0,0,0,0,0,0,0,1440,0,0,0,0,0,76,0,0,0,0,0,0,0,0,0,0,0,0,0,0,0,0,0,0,0,0,0,0,0,0,0,0,0,0,0,0,0,0,0,0,0,0,0,0,0,0,0,0,0,0,0,0,0,0,0,0,0,0,0,0,0,0,0,0,0,0,0,0,0,0,0,0,0,0,0,0,0,0,0,0,0,0,0,0,0,0,0,0,0,0,0,0,0,0,0,0,0,0,0,0,0,0,0,0,0,0,0,0,0,0,0,0,0,0,0,0,0,0,0,0,1392,0,0,0,0,0,0,0,0,0,0,0,0,0,1034,0,0,0,0,0,0,0,0,0,0,0,0,0,0,0,0,0,0,0,0,0,0,0,0,0,0,0,0,0,0,0,0,0,0,0,0,0,0,0,0,0,0,0,0,0,0,11692,0,0,0,0,0,0,0,0,0,0,0,0,0,0,0,0,0,0,0,0,0,0,0,0,0,0,0,0,0,0,0,184,0,0,0,0,153,0,0,0,0,0,0,0,0,0,0,0,0,0,0,0,0,0,0,0,0,0,0,0,0,0,0,0,0,0,0,0,0,0,0,0,0,0,0,0,0,0,0,0,0,0,0,0,0,0,0,0,0,0,0,0,0,0,0,0,0,0,0,0,0,0,0,0,0,0,0,0,0,0,0,0,0,0,0,0,0,0,0,0,0,0,0,0,0,0,0,0,0,0,0,0,0,0,0,0,0,0,0,0,0,0,0,0,0,0,0,0,0,0,0,320,0,0,0,0,0,0,0,0,0,0,0,0,0,0,0,0,0,0,0,296,0,0,0,0
SBS18,449,0,378,164,328,0,0,449,1088,0,387,581,493,227,326,199,258,0,0,0,0,0,0,723,1287,0,313,0,0,0,793,0,0,201,0,0,0,175,0,0,0,0,0,269,262,0,658,223,830,0,0,289,0,0,0,0,1094,540,207,0,327,1250,0,0,241,0,0,1361,1438,0,719,977,0,662,421,500,277,723,1596,982,0,0,0,467,0,793,0,415,0,1692,1173,1463,0,0,0,1279,0,0,0,541,0,0,0,0,0,0,323,0,1002,0,0,0,0,0,0,0,0,0,793,0,473,0,0,0,0,0,0,415,624,1826,400,872,0,1201,0,0,0,0,465,727,507,0,1683,0,0,827,507,0,1159,199,0,0,0,0,565,0,0,578,399,0,0,0,0,0,0,700,0,0,2007,0,677,1017,0,0,0,1090,0,507,0,901,0,552,0,0,0,0,0,0,466,0,908,0,0,0,170,190,0,1790,0,2298,880,562,296,263,794,182,0,320,0,0,222,0,887,0,0,535,368,0,261,463,248,266,0,393,0,958,642,0,0,166,336,523,0,0,313,239,306,396,172,0,261,649,201,243,0,1574,253,552,353,1123,193,563,170,295,0,0,302,555,0,315,160,682,0,0,0,484,269,0,0,0,1379,237,211,0,0,119,0,136,0,145,0,0,0,360,1651,340,0,381,0,0,0,695,146,163,0,167,318,208,235,0,0,0,320,485,0,0,147,228,898,487,0,119,1465,433,0,0,0,0,840,0,1819,0,0,0,0,492,385,0,239,0,214,0,160,0,206,215,0,429,2463,0,334,96,483,0,167,0,0,418,745,246,480,219,132,0,228,344,1369,203,585,0,83,0,392,120,176,0,264,0,135,734,242,1570,121,105,0,219,0,175,1007,259,914,0,245,294,0,0,0,296,70,0,214,0,946,0,258,567,147,0,0,0,0,0,417,825,293,0,247,0,264,215,0,135,0,168,149,0,0,0,0,0,166,0,0,335,0,0,218,631,325,0,0,0,0,0,0,0,0,0,0,0,0,678,88,0,0,0,0,0,0,0,629,0,0,0,0,1118,0,0,0,0,255,368,0,0,0,0,544,0,530,846,564,0,0,0,1139,0,808,1170,0,0,250,356,394,352,305,239,0,0,288,0,145,0,575,195,0,0,1041,0,0,0,263,266,0,317,375,0,213,712,0,0,0,0,662,0,0,148,146,0,0,260,0,0,0,0,690,198,0,212,0,0,0,267,0,524,0,0,325,0,197,0,0,0,0,289,0,835,0,0,560,0,0,0,0,1351,297,249,0,151,0,0,0,0,1366,0,478,0,193,1067,982,0,588,432,114,0,410,0,0,0,0,0,0,138,0,0,321,0,0,0,0,0,0,518,0,382,0,0,0,204,0,0,0,458,278,0,141,0,0,0,0,793,169,300,739,266,433,0,167,0,0,0,0,129,0,137,236,0,0,248,0,0,143,0,0,0,240,0,0,295,232,0,0,243,185,0,335,268,256,92,0,184,0,486,0,0,2159,0,0,663,0,0,113,0,0,0,0,349,213,243,0,0,167,218,0,0,1104,408,0,24,0
SBS21,0,0,0,0,0,0,0,0,0,0,0,0,0,0,0,0,0,0,0,0,0,0,0,0,0,0,0,0,0,0,0,0,0,0,0,0,0,0,0,0,0,0,0,0,0,0,0,0,0,0,0,0,0,0,0,0,0,0,0,0,0,0,0,0,0,0,0,0,0,0,0,0,0,0,0,0,0,0,0,0,0,0,0,0,0,0,0,0,0,0,0,0,0,0,0,0,0,0,0,0,0,0,0,0,0,0,0,0,0,0,0,0,0,0,0,0,0,0,0,0,0,0,0,0,0,0,0,0,0,0,0,0,0,0,0,0,0,0,0,0,0,0,0,0,0,0,0,0,0,0,0,0,0,0,0,0,0,0,0,0,0,0,0,0,0,0,0,0,0,0,0,0,0,0,0,0,0,0,0,0,0,0,0,0,0,0,0,0,0,0,0,0,0,0,0,0,0,0,0,0,0,0,0,0,0,0,0,0,0,0,0,0,0,0,0,0,0,0,0,0,0,0,0,0,0,0,0,0,0,0,0,0,0,0,0,0,0,0,0,0,0,0,0,0,0,0,0,0,0,0,0,0,0,0,0,0,0,0,0,0,0,0,0,0,0,0,0,0,0,0,0,0,0,0,0,0,0,0,0,0,0,0,0,0,0,0,0,0,0,0,0,0,0,0,0,0,0,0,0,0,0,0,0,0,0,0,0,0,0,0,0,0,0,0,0,0,0,0,0,0,0,0,0,0,0,0,0,0,0,0,0,0,0,0,0,0,0,0,0,0,0,0,0,0,0,0,0,0,0,0,0,0,0,0,0,0,0,0,0,0,0,0,0,0,0,0,0,0,0,0,0,0,0,0,0,0,0,0,0,0,0,0,0,0,0,0,0,0,0,0,0,0,0,0,0,0,0,0,0,0,0,0,0,0,0,0,0,0,0,0,0,0,0,0,0,0,0,0,0,0,0,0,0,0,0,0,0,0,0,0,0,0,0,0,0,0,0,0,0,0,0,0,0,0,0,0,0,0,0,0,0,0,0,0,0,0,0,0,0,0,0,0,0,0,0,0,0,0,0,0,0,0,0,0,0,0,0,0,0,0,0,0,0,0,0,0,0,0,0,0,0,0,0,0,5381,0,0,0,0,0,0,0,0,0,0,0,0,0,0,0,0,0,0,0,0,0,0,0,0,0,0,0,0,0,0,0,0,0,0,0,0,0,0,0,0,0,0,0,0,0,0,0,0,0,0,0,0,0,0,0,0,0,0,0,0,0,0,0,0,0,0,0,0,0,0,0,0,0,0,0,0,0,0,0,0,0,0,0,0,0,0,0,0,0,0,0,0,0,0,0,0,0,0,0,0,0,0,0,0,0,0,0,0,0,0,0,0,0,0,0,0,0,0,0,0,0,0,0,0,0,0,0,0,0,0,0,0,0,0,0,0,0,0,0,0,0,0,0,0,0,0,0,0,0,0,0,0,0,0,0,0,0,0,0,0,0,0,0,0,0,0,0,0,0,0,0,0,0,0,0,0,0,0,0,0,0,0,0,0
SBS26,0,0,0,0,0,0,0,0,0,0,0,0,0,0,0,0,0,0,0,0,0,0,0,0,0,0,0,0,0,0,0,0,0,0,0,0,0,0,0,0,0,0,0,0,0,0,0,0,0,0,0,0,0,0,0,0,0,0,0,0,0,0,0,0,0,0,0,0,0,0,0,0,0,0,0,0,0,0,0,0,0,0,0,0,0,0,0,0,0,0,0,0,0,0,0,0,0,0,0,0,0,0,0,0,0,0,0,0,0,0,0,0,0,0,0,0,0,0,0,0,0,0,0,0,0,0,0,0,0,0,0,0,0,0,0,0,0,0,0,0,0,0,0,0,0,0,0,0,0,0,0,0,0,0,0,0,0,0,0,0,0,0,0,0,0,0,0,0,0,0,0,0,0,0,0,0,0,0,0,0,0,0,0,0,0,0,0,0,0,0,0,0,0,0,0,0,0,0,0,0,0,0,0,0,0,0,0,0,0,0,0,0,0,0,0,0,0,0,0,0,0,0,6375,0,0,0,0,0,0,0,0,0,0,0,0,0,0,0,0,0,0,0,0,0,0,0,0,0,0,0,0,0,0,0,0,0,0,0,0,0,0,0,0,0,0,0,0,0,0,0,0,0,0,0,0,0,0,0,0,0,0,0,0,0,0,0,0,0,0,0,0,0,0,0,0,0,0,0,0,0,0,0,0,0,0,0,0,0,0,0,0,0,0,0,0,0,0,0,0,0,0,0,0,0,0,0,0,0,0,0,0,0,0,0,0,0,0,0,0,0,0,0,0,0,0,0,0,0,0,0,0,0,0,0,0,0,0,0,0,0,0,0,0,0,0,0,0,0,0,0,0,0,0,0,0,0,0,0,0,0,0,0,0,0,0,0,0,0,0,0,0,0,0,0,0,0,0,0,0,0,0,0,0,0,0,0,0,0,0,0,0,0,0,0,0,0,0,0,0,0,0,0,0,0,0,0,0,0,0,0,0,0,0,0,0,0,0,0,0,0,0,0,0,0,0,0,0,0,0,0,0,0,0,0,6290,0,0,0,0,0,0,0,0,0,0,0,0,0,0,0,0,0,0,0,0,0,0,0,0,0,0,0,0,0,0,0,0,0,0,0,0,0,0,0,0,0,0,0,0,0,0,0,0,0,0,0,0,0,0,0,0,0,0,0,0,0,0,0,0,0,0,0,0,0,0,0,0,0,0,0,0,0,0,0,0,0,0,4920,0,0,0,0,0,0,0,0,0,0,0,0,0,0,0,0,0,0,0,0,0,0,0,0,0,0,0,0,0,0,0,0,0,0,0,0,0,0,0,0,0,0,0,0,0,0,0,0,0,0,0,0,0,0,0,0,0,0,0,0,0,0,0,0,0,0,0,0,0,0,0,0,0,0,0,0,0,0,0,0,0,0,0,0,0,0,0,0,0,0,0,0,0,5713,0,0,0,0,0,0,0,0,0,0,0,0,0,0,0,0,0,0,0,0,0,0,0,0,0,0,0,0,0,0,0,0,0,0,0,0,0,0,0,0,0,0,0,0,0,0,0
SBS30,0,0,0,0,0,0,0,0,0,0,0,0,0,0,0,0,0,0,0,0,0,0,0,0,0,0,0,0,0,0,0,0,0,0,0,0,0,0,0,0,0,0,0,0,0,0,0,0,0,0,0,0,0,0,0,0,0,0,0,0,0,0,0,0,0,0,0,0,0,0,0,0,0,0,0,0,0,0,0,0,0,0,0,0,0,0,0,0,0,0,0,0,0,0,0,0,0,0,0,0,0,0,0,0,0,0,0,0,0,0,0,0,0,0,0,0,0,0,0,0,0,0,0,0,0,0,0,0,0,0,0,0,0,0,0,0,0,0,0,0,0,0,0,0,0,0,0,0,0,0,0,0,0,0,0,0,0,0,0,0,0,0,0,0,0,0,0,0,0,0,0,0,0,0,0,0,0,0,0,0,0,0,0,0,0,0,0,0,0,0,0,0,0,0,0,0,0,0,0,0,424,0,142,175,456,0,0,0,0,0,0,0,0,0,0,0,0,0,0,0,0,0,0,0,0,0,0,0,0,218,0,0,0,0,224,110,0,150,0,0,0,375,98,135,0,0,0,0,0,0,0,0,0,0,0,0,136,0,0,0,0,0,0,0,0,0,157,0,0,0,0,0,0,0,0,0,0,0,0,132,0,0,0,0,0,0,0,0,0,5184,0,0,0,0,0,121,0,0,181,0,0,0,0,0,0,0,0,195,328,0,0,0,0,0,0,0,0,0,0,0,0,0,0,0,0,0,0,0,0,0,0,0,163,0,188,119,0,0,314,0,196,0,0,0,173,0,0,0,0,0,0,0,0,0,0,0,438,131,0,0,0,0,0,0,0,0,0,0,161,0,0,0,0,0,0,0,0,0,0,0,0,0,0,0,0,0,0,0,0,0,0,0,0,0,0,0,0,0,0,0,0,0,0,0,0,0,0,0,121,0,0,84,0,0,0,0,0,0,0,0,0,0,0,161,0,0,0,0,234,0,0,0,0,0,0,0,0,0,0,0,0,0,0,0,0,0,0,0,0,0,0,0,0,0,0,0,0,0,0,0,0,0,0,0,0,0,0,0,0,0,0,0,0,0,0,0,0,0,0,0,0,0,0,0,0,0,0,0,0,0,0,0,0,0,0,0,0,0,0,0,0,0,0,0,0,0,0,220,0,0,0,0,0,0,0,0,0,0,0,0,0,0,0,0,0,133,0,0,0,0,0,0,0,206,0,0,0,0,99,0,0,155,0,0,0,0,0,0,0,0,0,0,0,0,0,0,0,0,0,0,177,0,0,0,0,0,0,0,0,0,0,0,0,0,0,0,0,0,0,0,0,0,0,0,0,0,0,0,0,0,0,0,0,0,0,244,0,0,0,0,0,0,0,0,0,0,0,0,0,0,0,0,0,0,0,0,0,0,0,0,0,0,0,0,0,0,0,113,0,0,0,0,0,0,166,0,0,0,0,158,0,0,163,0,132,225,0,47,0,0,0,0,0,0,0,0,0,0,0,0,0,0,0,0,0,0,0,0,0,0,0,0,0,0,0,0,0,0,0
SBS34,0,0,0,0,0,0,0,0,0,0,0,0,0,0,0,0,0,0,0,0,0,0,0,0,0,0,0,0,0,0,0,0,0,0,0,0,0,0,0,0,0,0,0,0,0,0,0,0,0,0,0,0,0,0,0,0,0,0,0,0,0,0,0,0,0,0,0,0,0,0,0,0,0,0,0,0,0,0,0,0,0,0,0,0,0,0,0,0,0,0,0,0,0,0,0,0,0,0,0,0,0,0,0,0,0,0,0,0,0,0,0,0,0,0,0,0,0,0,0,0,0,0,0,0,0,0,0,0,0,0,0,0,0,0,0,0,0,0,0,0,0,0,0,0,0,0,0,0,0,0,0,0,0,0,0,0,0,0,0,0,0,0,0,0,0,0,0,0,0,0,0,0,0,0,0,0,0,0,0,0,0,0,0,0,0,0,0,0,0,0,0,0,0,0,0,78,0,0,0,0,0,136,0,109,0,87,0,0,0,0,98,71,0,0,0,0,0,0,0,142,0,0,1035,117,0,0,0,0,0,109,106,141,0,0,0,0,0,0,0,0,0,177,0,0,0,0,0,0,86,0,109,124,0,146,0,0,121,107,0,0,0,153,0,0,0,0,0,0,0,0,0,0,68,78,76,72,233,60,0,0,89,0,264,110,0,114,0,0,0,0,0,246,74,0,0,97,0,0,99,0,63,0,0,0,0,107,0,0,0,0,0,0,253,0,0,0,77,0,0,0,0,62,0,0,0,0,92,0,111,0,0,82,0,0,72,79,111,237,0,0,0,64,80,0,0,0,0,0,0,0,0,87,41,0,0,0,0,81,0,0,0,0,0,0,59,0,0,67,58,0,0,0,0,61,65,96,0,68,0,115,0,0,105,83,0,132,0,57,30,62,0,0,0,0,0,0,45,0,0,44,57,0,118,136,0,0,0,0,0,0,0,0,58,0,0,67,0,29,0,0,0,0,0,91,0,0,86,0,0,0,0,322,186,0,0,0,224,0,0,0,0,410,0,0,0,22,0,0,0,0,112,0,0,77,0,0,0,0,0,0,82,0,168,56,0,0,0,0,0,0,244,0,0,0,381,38,0,0,0,0,158,0,0,0,80,0,61,0,93,60,72,274,0,88,0,0,0,0,0,0,0,112,0,0,164,0,0,0,0,0,0,0,0,0,0,54,48,0,0,0,0,0,0,0,0,0,0,0,87,82,0,0,0,0,0,0,0,0,0,138,0,0,0,0,0,0,0,0,0,0,0,0,0,0,0,79,0,51,0,0,0,0,0,0,0,0,0,0,258,0,0,0,0,0,72,0,0,0,0,0,94,0,0,0,0,0,0,0,0,0,0,0,0,207,0,0,0,61,0,0,0,0,0,0,60,0,0,0,0,0,62,0,0,0,0,0,84,0,0,0,0,65,0,57,0,0,50,0,0,0,110,0,0,0,0,0,0,0,0,0,0,0,0,0,0,117,0,0,0,0,55,209,0,0,686,0,0,0,0,0,0,219,0,0,0,0,65,0,0,0,0,0,0,0,290,0,0,0,0
SBS37,0,0,0,0,0,0,0,0,0,0,0,0,0,0,0,0,0,0,0,0,0,0,0,0,0,0,0,0,0,0,0,0,0,0,0,0,0,0,0,0,0,0,0,0,0,0,0,0,0,0,0,0,0,0,0,0,0,0,0,0,0,0,0,0,0,0,0,0,0,0,0,0,0,0,0,0,0,0,0,0,0,0,0,0,0,0,0,0,0,0,0,0,0,0,0,0,0,0,0,0,0,0,0,0,0,0,0,0,0,0,0,0,0,0,0,0,0,0,0,0,0,0,0,0,0,0,0,0,0,0,0,0,0,0,0,0,0,0,0,0,0,0,0,0,0,0,0,0,0,0,0,0,0,0,0,0,0,0,0,0,0,0,830,0,0,0,0,0,0,0,0,0,0,0,0,0,0,0,0,0,0,0,0,0,0,0,0,0,0,0,0,0,0,0,0,0,0,0,0,0,0,0,0,0,0,0,0,0,0,0,0,0,0,0,0,0,0,0,0,0,0,0,0,0,0,0,0,0,0,0,0,0,0,0,0,0,0,0,0,0,0,0,0,0,0,0,0,0,0,0,0,0,0,0,0,0,0,0,0,0,0,0,0,0,0,0,0,0,0,0,0,0,0,0,0,0,0,0,0,0,0,0,0,0,0,0,0,0,0,0,0,0,0,0,0,0,0,0,0,0,0,0,0,0,0,0,0,0,0,0,0,0,0,0,0,0,0,0,0,0,0,0,0,0,0,0,0,0,0,0,0,0,0,0,0,0,0,0,0,0,0,0,0,0,0,0,0,0,0,0,0,0,0,0,0,0,0,0,0,0,0,0,0,0,0,0,0,0,0,0,0,0,0,0,0,0,0,0,0,0,0,0,0,0,0,0,0,0,0,0,0,0,0,0,0,0,0,0,0,0,0,0,0,0,0,0,0,0,0,0,0,0,0,0,0,0,0,0,0,0,0,0,0,0,0,0,0,0,0,0,0,0,0,0,0,0,0,0,0,0,0,0,0,0,0,0,0,0,0,0,0,0,0,0,0,0,0,0,0,0,0,0,0,0,0,0,0,0,0,0,0,0,0,0,0,0,0,0,0,0,0,0,0,0,0,0,0,0,0,0,0,0,0,0,0,0,0,0,0,0,0,0,0,0,0,0,0,0,0,0,0,0,0,0,0,0,0,0,0,0,0,0,0,0,0,0,0,0,0,0,0,0,0,0,0,0,0,0,0,0,0,0,0,0,0,0,0,0,0,0,0,0,0,0,0,0,0,0,0,0,0,0,0,0,0,0,0,0,0,0,0,0,0,0,0,0,0,0,0,0,0,0,0,0,0,0,0,0,0,0,0,0,0,0,0,0,0,0,0,0,0,0,0,0,0,0,0,0,0,0,0,0,0,0,0,0,0,0,0,0,0,0,0,0,0,0,0,0,0,0,0,0,0,0,0,0,0,0,0,0,0,0,0,0,0,0,0,0,0,0,0,0,0,0,0,0,0,0,0,0,0,0,0,0,0,0,0,0,0,0,0,0,0,0,0,0,0,0,0
SBS39,0,0,0,0,0,0,0,0,0,0,0,0,0,0,0,0,0,0,0,0,0,0,0,0,0,0,0,0,0,0,0,0,0,0,0,0,0,0,0,0,0,0,0,0,0,0,0,0,0,0,0,0,0,0,0,0,0,0,0,0,0,0,0,0,0,0,0,0,0,0,0,0,0,0,0,0,0,0,0,0,0,0,0,0,0,0,0,0,0,0,0,0,0,0,0,0,0,0,0,0,0,0,0,0,0,0,0,0,0,0,0,0,0,0,0,0,0,0,0,0,0,0,0,0,0,0,0,0,0,0,0,0,0,0,0,0,0,0,0,0,0,0,0,0,0,0,0,0,0,0,0,0,0,0,0,0,0,0,0,0,0,0,0,0,0,0,0,0,0,0,0,0,0,0,0,0,0,0,0,0,0,0,0,0,0,0,0,0,0,0,0,0,0,0,0,0,2046,3351,0,4306,0,0,0,0,0,0,0,0,0,0,0,0,0,0,0,0,0,0,0,0,0,0,0,0,0,0,0,0,0,0,0,0,0,0,0,0,0,0,0,0,0,0,0,0,0,0,0,0,0,0,0,0,0,0,0,0,0,0,0,0,0,0,0,3646,0,0,0,0,0,0,0,0,0,0,0,0,0,0,0,0,0,0,0,0,0,0,0,0,0,0,0,0,0,0,0,0,0,0,0,0,0,0,0,0,0,0,0,0,0,0,0,0,0,0,0,0,0,0,0,0,0,0,0,0,0,0,0,0,0,0,0,0,0,0,0,0,0,0,0,0,0,0,0,0,0,0,0,0,0,0,0,0,0,0,0,0,0,0,0,0,0,0,0,0,0,0,0,0,0,0,0,0,0,0,0,0,0,0,0,0,0,0,0,0,0,0,0,0,0,0,0,0,0,0,0,0,0,0,0,0,0,0,0,0,0,0,0,0,0,0,0,0,0,0,0,0,0,0,0,0,0,2164,0,0,0,0,0,0,0,0,1793,0,0,0,0,0,0,0,0,0,0,0,0,0,0,290,0,0,0,0,0,0,0,0,0,0,0,0,0,0,0,0,4849,0,0,250,2742,2597,0,0,0,0,0,0,0,0,0,1068,0,0,0,0,0,0,0,0,0,0,1761,754,0,0,0,0,0,0,2695,0,0,0,0,0,0,0,0,0,0,0,0,0,0,2358,0,0,0,0,0,0,0,0,0,0,0,2264,0,0,2919,0,0,0,0,0,0,0,0,0,0,0,0,896,0,0,0,0,0,0,0,0,0,0,1215,0,1920,0,0,0,0,0,0,0,0,0,0,0,0,1608,0,0,0,0,0,0,0,6267,315,0,0,0,0,0,0,0,0,0,0,0,0,0,0,0,7353,0,0,0,0,0,0,0,0,0,0,0,0,0,0,0,0,0,0,0,0,0,0,0,0,0,0,0,0,0,0,0,0,0,0,0,0,0,0,0,0,0,0,0,0,0,0,0,0,0,0,0,0,0,0,0,0,0,0,0,0,0,0,0,0,0,0,0,0,0,0,0,0,0,0,0,0,0,0,0,0,0,0,0,0,0,0,0,0
SBS40,0,0,0,0,0,0,0,0,0,0,0,0,0,0,0,0,0,0,0,0,0,0,0,0,0,0,0,0,0,0,0,0,0,0,0,0,0,0,0,0,0,0,0,0,0,0,0,0,0,0,0,0,0,0,0,0,0,0,0,0,0,0,0,0,0,0,0,0,0,0,0,0,0,0,0,0,0,0,0,0,0,0,0,0,0,0,0,0,0,0,0,0,0,4190,0,0,0,0,0,0,0,0,0,0,0,0,0,0,0,0,0,0,0,0,0,0,0,0,0,0,0,0,0,0,0,0,0,0,0,0,0,0,0,0,0,0,0,0,0,0,0,0,0,0,0,0,0,0,0,0,0,0,0,0,0,0,0,0,0,0,0,0,0,0,0,0,0,0,0,0,0,0,0,0,0,0,0,0,0,0,0,0,0,0,0,0,0,0,0,0,0,0,0,0,0,0,0,0,0,0,0,0,0,0,0,0,0,0,0,0,0,0,0,0,0,0,0,0,0,0,0,0,0,0,0,0,0,0,0,0,0,0,0,0,0,0,0,0,0,0,0,0,0,0,0,0,0,0,0,0,0,0,0,0,0,0,0,0,0,0,0,0,0,0,0,0,0,0,0,0,0,0,0,0,0,0,0,0,0,0,0,0,0,0,0,0,0,0,0,0,0,0,0,0,0,0,0,0,0,0,0,0,0,0,0,0,0,0,0,0,0,0,0,0,0,0,0,0,0,0,0,0,0,0,0,0,0,0,0,0,0,0,0,0,0,0,0,0,0,0,0,0,0,0,0,0,0,0,0,0,0,0,0,0,0,0,0,0,0,0,0,0,0,0,0,0,0,0,0,0,0,0,0,0,0,0,0,0,0,0,0,0,0,0,0,0,0,0,0,0,0,0,0,0,0,0,0,0,0,0,0,0,0,0,0,0,0,0,0,0,0,0,0,0,0,0,0,0,0,0,0,0,0,0,0,0,0,0,0,0,0,0,0,0,0,0,0,0,0,0,0,0,0,0,0,0,0,0,0,0,0,0,0,0,0,0,0,0,0,0,0,0,0,0,0,0,0,0,0,0,0,0,0,0,0,0,0,0,0,0,0,0,0,0,0,0,0,0,0,0,0,0,0,0,0,0,0,0,0,0,0,0,0,0,0,0,0,0,0,0,0,0,0,0,0,0,0,0,0,0,0,0,0,0,0,0,0,0,0,0,0,0,0,0,0,0,0,0,0,0,0,0,0,0,0,0,0,0,0,0,0,0,0,0,0,0,0,0,0,0,0,0,0,0,0,0,0,0,0,0,0,0,0,0,0,0,0,0,0,0,0,0,0,0,0,0,0,0,0,0,0,0,0,0,0,0,0,0,0,0,0,0,0,0,0,0,0,0,0,0,0,0,0,0,0,0,0,0,0,0,0,0,0,0,0,0,0,0,0,0,0,0,0,0,0,0,0,0,0,0,0,0,0,0,0,0,0,0,0,0,0,0,0,0,0,0,0,0,0,0,0,0,0,0,0,0,0,0,0,0,0,0,0,0,0,0,0,0,0
SBS41,0,0,0,0,0,0,0,0,0,0,0,0,0,0,0,0,0,0,0,0,0,0,334,0,0,0,0,0,0,0,0,0,0,0,0,0,0,0,0,0,0,0,0,0,0,0,0,0,0,0,0,0,0,0,0,0,0,0,0,0,0,710,227,0,0,0,0,744,577,0,611,0,0,0,329,0,0,0,0,0,0,0,0,0,0,560,0,0,0,0,0,0,0,0,0,0,0,0,0,0,0,0,0,0,0,0,0,0,0,0,701,0,0,0,0,0,0,0,0,0,0,0,0,1010,0,0,0,0,0,0,0,0,0,0,0,0,0,0,0,0,0,0,0,0,0,0,423,0,0,0,0,0,0,0,0,0,0,0,0,0,0,0,0,0,0,427,0,0,0,0,0,0,0,0,0,0,0,0,0,0,0,0,0,0,0,0,0,0,0,0,0,0,0,0,0,0,1450,1179,0,1333,495,0,0,0,514,0,0,0,0,0,0,0,0,0,0,0,0,0,0,0,0,0,0,0,0,0,0,0,0,0,0,0,0,0,234,0,0,314,0,0,0,0,0,0,0,0,0,0,0,0,0,0,0,0,0,0,0,0,0,274,0,0,0,0,0,468,0,0,0,0,0,283,0,0,0,0,0,0,0,0,0,0,0,0,0,0,0,0,0,0,0,0,0,0,0,0,420,196,0,0,0,0,0,0,0,0,0,0,538,0,0,0,0,0,0,0,0,0,564,0,0,0,889,0,0,0,0,0,0,0,0,0,0,0,0,0,0,0,0,0,0,0,0,0,0,0,357,0,678,0,0,0,0,0,0,0,0,0,0,0,0,0,0,0,0,0,0,0,0,0,0,0,0,0,0,0,0,0,770,0,0,0,0,0,0,0,0,0,0,0,243,0,0,0,374,0,0,0,0,0,0,0,0,0,0,0,0,0,0,0,0,0,0,0,0,0,0,0,0,0,0,693,0,0,0,0,0,0,0,0,357,0,0,0,0,0,0,0,0,0,0,0,154,0,0,0,0,0,0,0,0,0,576,0,0,0,619,0,0,0,0,0,0,0,273,84,2233,0,0,0,0,0,0,0,0,0,0,1237,0,0,0,0,0,337,0,0,0,0,0,0,0,0,393,0,0,0,1070,0,0,0,0,0,0,0,0,0,0,438,0,0,0,0,0,0,0,0,0,0,0,352,0,0,0,623,0,0,1662,226,0,0,0,0,0,0,0,0,495,0,201,0,0,0,0,0,0,0,0,0,550,259,902,0,1426,0,0,0,0,0,0,0,0,504,0,0,0,0,0,0,0,0,0,0,111,0,0,0,0,0,0,0,0,0,0,0,386,0,519,0,2709,0,1851,0,0,0,715,422,0,0,0,0,0,0,0,0,0,0,0,0,0,0,0,0,0,0,0,0,0,2174,521,986,0,0,0,0,0,0,0,0,0,0,0,0,0,0,0,0,0,0,0,0,0,0,0,0,0,0,0,0,0,0,0,0,0,0,0,0,0,0,0,0,0,0,0,0,0,0,0,0,0,0,0,0,0,1093,0,0,0,0,0
SBS44,0,0,0,0,0,0,0,0,0,0,0,0,0,0,0,0,0,0,0,0,0,0,0,0,0,0,0,0,0,0,0,0,0,0,0,0,0,0,0,0,0,0,0,0,0,0,0,0,0,0,0,0,0,0,0,0,0,0,0,0,0,0,0,0,0,0,0,0,0,0,0,0,0,0,0,0,0,0,0,0,0,0,0,0,0,0,0,0,0,0,0,0,0,0,0,0,0,0,0,0,0,0,0,0,0,0,0,0,0,0,0,0,0,0,0,0,0,0,0,0,0,0,0,0,0,0,0,0,0,0,0,0,0,0,0,0,0,0,0,0,0,0,0,0,0,0,0,0,0,0,0,0,0,0,0,0,0,0,0,0,0,0,0,0,0,0,0,0,0,0,0,0,0,0,0,0,0,0,0,0,0,0,0,0,0,0,0,0,0,0,0,0,0,0,0,0,0,0,0,0,0,0,0,0,0,0,0,0,0,0,0,0,0,0,0,0,0,0,0,0,0,0,0,0,0,0,0,0,0,0,0,0,0,0,0,0,0,0,0,0,0,0,0,0,0,0,0,0,0,0,0,0,0,0,0,0,0,0,0,0,0,0,0,0,0,0,0,0,0,0,0,0,0,0,0,0,0,0,0,0,0,0,0,0,0,0,0,0,0,0,0,0,0,0,0,0,0,0,0,0,0,0,0,0,0,0,0,0,0,0,0,0,0,0,0,0,0,0,0,0,0,0,0,0,0,0,0,0,0,0,0,0,0,0,0,0,0,0,0,0,0,0,0,0,0,0,0,0,0,0,0,0,0,0,0,0,0,0,0,0,0,0,0,0,0,0,0,0,0,0,0,0,0,0,0,0,0,0,0,0,0,0,0,0,0,0,0,0,0,0,0,0,0,0,0,0,0,0,0,0,0,0,0,0,0,0,0,0,0,0,0,0,0,0,0,0,0,0,0,0,0,0,0,0,0,0,0,0,0,0,0,0,0,0,0,0,0,32948,0,0,0,0,0,0,0,0,0,0,44966,0,0,0,0,0,11390,0,0,0,4092,0,0,0,0,0,0,0,0,0,0,0,0,0,0,0,0,0,0,0,0,0,0,0,0,0,0,0,0,0,0,0,0,0,0,0,0,0,0,0,0,0,0,0,0,0,0,0,0,0,0,0,0,0,0,0,0,0,0,0,0,0,0,19178,0,0,0,0,0,0,0,0,0,0,0,0,0,0,0,5166,0,0,0,0,0,0,0,0,0,0,0,0,0,0,0,0,0,0,0,0,0,0,0,0,0,0,0,0,0,0,0,0,0,0,0,0,0,0,0,0,0,0,0,0,0,0,0,0,0,0,0,0,0,0,0,0,0,0,0,0,0,0,0,0,0,0,0,0,0,0,0,0,0,0,0,0,0,0,0,0,0,0,0,0,0,0,0,0,0,0,0,0,0,1330,0,0,0,0,0,0,0,0,0,0,0,0,0,0,0,0,0,0,0,0,0,0,0,0,0,0,0,0,0,0,0,0,0,0,0,0,0,0,0,0,0,0,0,0,0,0,0
SBS60,0,0,0,0,0,0,0,0,0,0,0,0,0,0,0,0,0,0,0,0,0,0,0,0,0,0,0,0,0,0,0,0,0,0,0,0,0,0,0,0,0,0,0,0,0,0,0,0,0,0,0,0,0,0,0,0,0,0,0,0,0,0,0,0,0,0,0,0,0,0,0,0,0,0,0,0,0,0,0,0,0,0,0,0,0,0,0,0,0,0,0,0,0,0,0,0,0,0,0,0,0,0,0,0,0,0,0,0,0,0,0,0,0,0,0,0,0,0,0,0,0,0,0,0,0,0,0,0,0,0,0,0,0,0,0,0,0,0,0,0,0,0,0,0,0,0,0,0,0,0,0,0,0,0,0,0,0,0,0,0,0,0,0,0,0,0,0,0,0,0,0,0,0,0,0,0,0,0,0,0,0,0,0,0,0,0,0,0,0,0,0,0,0,0,0,0,0,0,0,0,0,0,0,0,0,0,0,0,0,0,0,0,0,0,0,0,0,0,0,0,0,0,0,0,0,0,0,0,0,0,0,0,0,0,0,0,0,0,0,0,0,0,0,0,0,0,0,0,0,0,0,0,0,0,0,0,0,0,0,0,0,0,0,0,0,0,0,0,0,0,0,0,0,0,0,0,0,0,0,0,0,0,0,0,0,0,0,0,0,0,0,0,0,0,0,0,0,0,0,0,0,0,0,0,0,0,0,0,0,0,0,0,0,0,0,0,0,0,0,0,0,0,0,0,0,0,0,0,0,0,0,0,0,0,0,0,0,0,0,0,0,0,0,0,0,0,0,0,0,0,0,0,0,0,0,0,0,0,0,0,0,0,0,0,0,0,0,0,0,0,0,0,0,0,0,0,0,0,0,0,0,0,0,0,0,0,0,0,0,0,0,0,0,0,0,0,0,0,0,0,0,0,0,0,0,0,0,0,0,0,0,0,0,0,0,0,0,0,0,0,0,0,0,0,0,0,0,0,0,0,0,0,0,0,0,0,0,0,0,0,0,0,0,0,0,0,0,0,0,0,0,0,0,0,0,0,0,0,0,0,0,0,0,0,0,0,0,0,0,0,0,0,0,0,0,0,0,0,0,0,0,0,0,0,0,0,0,0,0,0,0,0,0,0,0,0,0,0,0,0,0,0,0,0,0,0,0,0,0,0,0,0,0,0,0,0,0,0,0,0,0,0,0,0,0,0,0,0,0,0,0,0,0,0,0,0,0,0,0,0,0,0,0,0,0,0,0,0,0,0,0,0,0,0,0,0,0,0,0,0,0,0,0,0,0,0,0,0,0,0,0,0,0,0,0,0,0,0,0,0,0,0,0,0,0,0,0,0,0,0,0,0,0,0,0,0,0,0,0,0,0,0,0,0,0,0,0,0,0,0,0,0,0,0,0,0,0,0,0,0,0,0,0,0,0,0,0,0,0,0,0,0,0,0,0,0,0,0,0,0,0,0,0,0,0,0,0,0,0,0,0,0,0,0,0,0,0,0,0,0,0,0,0,0,0,326,0,0,0,0,0,0,0,0,765,0,0,0,0
